salary,experience,education,department,performance,gender,job_level
2100000,32.0,8.0,Engineering,3,0,5
700000,2.0,10.0,Engineering,4,1,2
79294,21.5,7.5,HR,4,0,2
137342,28.0,6.0,Marketing,3,0,3
63319,8.7,4.5,Engineering,3,0,2
45083,2.8,2.8,Operations,2,1,1
44834,0.0,3.5,HR,3,1,1
57678,10.3,4.3,HR,3,1,1
65720,9.8,3.9,Engineering,3,0,1
57655,7.4,3.7,Sales,4,1,1
75918,13.5,4.8,Sales,4,0,2
94352,14.8,3.9,Operations,5,0,3
95032,14.3,3.9,Marketing,3,1,3
62534,9.8,6.3,HR,4,1,2
59078,4.3,7.2,Sales,3,0,1
118821,16.7,2.7,Engineering,2,0,3
75588,12.1,2.1,Sales,3,0,2
161542,18.2,3.2,Engineering,3,0,3
80709,17.5,4.4,HR,4,1,2
47098,2.0,4.3,Marketing,3,1,1
44016,2.0,3.8,HR,2,0,1
51610,6.7,3.7,Sales,5,0,1
55067,4.6,4.0,Operations,3,0,1
73987,17.3,3.5,HR,3,1,2
58973,14.5,3.9,HR,4,1,1
120440,19.7,4.8,Engineering,3,0,3
72569,14.8,1.9,Sales,4,1,2
86023,13.5,2.4,Engineering,3,0,3
120746,20.4,3.2,Engineering,3,0,3
92207,15.3,5.5,Marketing,4,1,2
65129,12.5,4.4,Marketing,4,1,1
118097,22.4,6.0,Operations,4,0,2
112264,12.8,1.3,Engineering,3,0,3
64529,9.9,1.5,Sales,4,0,1
72143,6.1,4.4,Sales,4,0,1
91935,16.9,0.4,Engineering,4,1,2
135410,20.7,6.8,Engineering,3,1,3
75028,11.6,1.2,Sales,3,0,2
137551,21.2,6.3,Engineering,4,0,2
44949,0.0,1.4,Marketing,4,0,1
74139,11.6,5.5,Sales,3,0,2
68666,11.7,8.8,HR,4,0,1
47266,6.9,0.0,Marketing,3,0,1
247215,28.0,6.8,Engineering,4,1,5
71265,11.5,1.2,HR,3,0,2
54245,9.1,4.3,HR,4,1,1
70784,12.2,3.7,Sales,3,0,1
53154,0.0,2.9,Engineering,2,0,2
54044,6.7,2.1,Marketing,3,1,1
145432,18.9,5.9,Engineering,4,0,4
88121,7.6,1.4,Engineering,4,1,1
65558,6.2,5.2,Engineering,3,0,1
83319,21.2,4.4,HR,2,1,2
79388,21.4,2.9,Marketing,3,0,2
100072,15.6,6.8,Marketing,5,1,2
52103,8.8,3.6,HR,3,1,1
59577,10.3,6.7,Sales,4,1,1
60922,6.4,5.2,Sales,3,0,1
77146,5.0,2.1,Engineering,3,0,2
64995,4.7,3.1,Engineering,4,0,1
56351,7.7,3.7,Marketing,3,0,1
57734,4.8,5.5,Sales,4,0,1
51013,1.1,3.5,Sales,4,1,1
77332,13.5,4.4,HR,4,1,2
81510,13.6,3.9,Marketing,3,1,2
122864,23.9,5.2,Sales,4,1,2
60100,7.3,5.5,Sales,4,1,1
82990,14.1,4.2,Engineering,3,1,2
90824,14.2,3.6,Engineering,5,0,2
67471,10.2,3.0,Sales,3,1,1
95141,17.2,3.7,Engineering,4,1,3
71740,17.4,2.5,Sales,4,0,2
69091,14.3,3.1,HR,3,1,1
123119,10.2,6.1,Engineering,4,1,3
58610,9.5,3.4,Engineering,4,0,1
58165,2.4,4.0,Engineering,3,0,1
67782,6.4,0.0,Engineering,4,1,2
54540,7.6,4.4,Marketing,4,1,1
55362,4.1,2.9,Sales,3,0,1
65209,15.1,3.6,HR,3,1,2
98138,20.4,5.2,Marketing,3,1,3
63694,5.6,2.6,Sales,3,0,2
70937,14.0,1.0,HR,4,0,2
53792,4.8,4.6,Engineering,3,0,1
91927,9.9,4.1,Engineering,5,0,2
72685,7.2,3.0,Engineering,3,0,2
77527,16.2,3.0,Marketing,3,1,2
69732,7.2,1.3,Sales,3,0,2
124683,19.1,5.1,Engineering,5,1,3
86681,10.3,6.2,Sales,3,0,2
69876,7.5,3.8,Engineering,4,0,2
40917,3.2,1.0,Marketing,4,0,1
79803,13.8,4.5,Sales,4,1,2
113066,18.3,4.6,Sales,4,0,3
80266,13.9,5.5,Engineering,4,1,2
116304,27.7,6.6,Marketing,3,1,3
118524,22.0,0.6,Sales,4,0,3
76043,9.8,4.6,Engineering,2,0,2
81405,9.8,2.3,Engineering,4,0,3
72427,15.3,2.2,Operations,3,0,1
47676,6.1,3.1,Operations,3,1,1
128216,20.2,5.5,Marketing,2,1,3
107464,14.5,1.8,Engineering,4,1,3
79568,13.8,5.2,Operations,2,1,2
80187,16.8,5.7,HR,4,1,2
90570,24.1,5.4,Marketing,3,0,3
57790,13.2,2.8,Sales,3,1,1
81872,11.2,2.4,Engineering,4,1,2
178307,22.6,6.7,Engineering,4,0,4
82021,18.8,2.5,Operations,4,0,3
63042,9.8,5.4,Sales,4,1,1
76216,12.0,3.8,Engineering,3,0,2
93447,13.4,4.0,Engineering,4,0,2
80392,14.5,1.7,Sales,3,1,2
62051,2.5,2.8,Engineering,4,0,1
51741,1.2,3.8,HR,3,0,1
51460,5.8,1.3,HR,3,1,1
58410,5.2,4.0,Marketing,4,1,1
56554,7.5,3.7,Sales,4,0,1
97078,16.4,3.5,Marketing,4,1,1
56598,10.8,5.2,Sales,4,0,1
69263,13.4,0.8,Marketing,4,1,2
65457,3.4,3.6,Engineering,4,0,1
82770,8.8,6.1,Sales,4,0,2
128282,16.1,6.6,Engineering,4,0,3
116196,16.2,5.0,Sales,4,0,3
49487,6.9,3.0,Engineering,4,0,1
107496,13.1,3.2,Engineering,3,0,2
183053,27.4,5.2,Engineering,3,0,4
77497,11.9,4.8,Sales,3,0,1
49512,7.1,2.3,Engineering,4,0,1
61561,10.8,5.0,Operations,4,1,1
78110,12.6,7.3,Sales,3,1,2
108028,10.9,3.8,Engineering,4,1,3
78829,11.8,2.0,Sales,4,1,2
67570,1.9,0.9,Engineering,2,0,2
45726,5.3,4.4,Operations,3,0,1
63396,11.0,3.8,Sales,4,1,1
69035,10.8,5.2,HR,2,0,2
68216,8.0,2.8,Engineering,3,1,1
72927,10.8,5.1,Sales,4,1,1
81394,12.4,3.8,Sales,4,0,2
72247,18.2,3.6,Operations,4,1,2
77412,11.3,3.3,Sales,4,1,2
95113,14.8,2.5,Sales,4,0,1
100059,8.2,6.6,Engineering,4,1,2
81354,16.0,4.3,Engineering,3,0,3
86042,14.6,5.2,Sales,4,1,2
101758,18.1,3.8,Sales,3,1,2
95809,17.0,3.0,Engineering,4,0,2
62993,16.1,4.1,HR,4,0,1
57899,11.3,5.6,HR,4,1,1
114549,13.7,3.4,Engineering,3,1,3
81526,19.4,3.5,Sales,3,1,2
74992,7.4,3.7,Engineering,4,0,1
56374,7.6,4.3,Marketing,4,0,1
84229,13.3,6.6,Engineering,4,0,2
92820,14.9,4.8,Marketing,3,1,2
45075,6.2,4.3,Marketing,4,1,1
55540,11.5,5.0,HR,3,1,1
78346,11.3,2.2,Engineering,4,0,2
56318,0.0,1.3,Operations,4,0,1
75757,10.5,2.2,Engineering,4,0,2
63857,10.9,1.9,Engineering,4,0,2
72271,10.9,5.1,Sales,3,1,2
109827,21.9,5.5,Sales,4,0,2
52817,3.5,3.2,HR,5,0,1
63397,6.2,0.0,HR,3,1,1
78812,0.0,5.8,Engineering,3,0,2
67107,8.6,2.3,Operations,4,0,2
76651,9.2,6.8,Engineering,4,0,2
71031,8.4,1.4,Sales,5,0,1
101090,19.8,3.6,Engineering,3,0,2
75321,18.0,1.3,Operations,3,0,2
102073,12.5,4.6,Engineering,4,0,3
68543,9.4,2.1,Engineering,3,0,2
88538,19.2,3.2,Sales,3,0,2
56784,11.9,1.9,Operations,3,1,1
56736,6.3,4.6,HR,4,1,1
44463,0.0,3.8,Marketing,4,0,1
49434,8.9,6.4,HR,4,0,1
55912,17.3,3.5,HR,3,0,1
147952,27.9,6.0,Sales,4,1,3
87135,12.4,2.1,Engineering,5,0,2
47761,6.6,2.9,HR,4,1,1
46765,3.7,2.3,Marketing,4,1,1
110152,15.9,5.1,Sales,3,1,3
64142,0.0,4.2,Engineering,3,0,1
76986,15.9,5.9,Marketing,3,1,2
119571,17.7,3.3,Engineering,3,1,3
108933,15.1,5.8,Operations,3,0,3
76985,10.5,3.8,Engineering,5,0,2
95666,16.0,3.9,Engineering,4,1,2
59930,13.2,3.1,HR,3,1,1
53404,6.6,2.6,Engineering,3,0,1
155938,25.0,8.0,Engineering,4,1,3
74853,9.5,4.2,Sales,3,0,2
73101,17.4,4.8,HR,2,1,1
45893,0.0,2.3,Engineering,4,0,1
140743,20.9,8.6,Engineering,4,0,3
113075,22.3,7.1,HR,2,1,2
91747,12.2,2.9,Operations,3,1,2
120585,15.9,4.0,Sales,3,1,3
84099,15.9,4.1,Engineering,4,0,2
82135,7.5,3.7,Engineering,3,0,2
89951,15.8,3.4,Engineering,3,0,2
65092,6.3,4.0,Engineering,4,1,1
52278,7.7,5.7,Marketing,3,1,1
122685,19.9,2.9,Engineering,4,0,4
88668,18.8,3.0,Sales,3,0,2
71339,7.1,2.8,Marketing,3,0,2
59341,6.9,2.8,Sales,4,0,1
70640,7.5,6.5,Engineering,4,1,1
85430,17.1,6.0,HR,4,1,2
55996,5.0,4.7,Marketing,3,0,1
84418,14.5,3.9,Marketing,3,1,2
96813,17.2,4.1,Engineering,4,0,2
69629,11.4,1.8,Engineering,3,1,1
109885,19.1,5.9,Operations,4,1,2
77191,9.9,4.5,Sales,4,0,2
104465,10.5,5.8,Engineering,4,0,3
66592,5.2,3.0,Sales,3,0,2
104594,19.1,4.5,Marketing,3,1,3
50375,6.6,3.7,Operations,3,0,1
115617,14.4,5.6,Engineering,3,1,3
54792,11.5,1.7,Operations,3,0,1
59518,4.6,4.3,Engineering,4,1,1
53752,7.7,3.5,Sales,4,0,1
95507,21.7,3.5,Marketing,3,1,2
93162,13.4,1.0,Engineering,4,0,2
58927,4.9,3.0,Engineering,4,0,1
67473,14.1,6.4,Sales,4,1,2
79526,11.0,6.4,Operations,4,0,2
176208,28.0,6.2,Sales,4,1,4
71026,14.0,7.2,Operations,4,1,2
61162,9.3,3.6,HR,4,0,1
106530,21.9,6.5,Sales,3,0,3
48264,0.0,2.0,HR,3,1,1
87475,12.7,3.3,Engineering,3,0,2
163445,26.0,4.5,Engineering,3,0,5
56692,11.2,0.8,HR,4,1,1
42287,0.0,4.6,HR,4,1,1
75032,9.2,2.7,Engineering,4,0,2
111744,22.2,3.9,Sales,3,0,3
76590,14.6,2.5,Marketing,3,1,2
47704,6.1,3.1,HR,4,1,1
45738,7.2,6.1,Marketing,4,1,1
86219,8.1,6.7,Sales,3,1,2
94767,14.5,1.8,Sales,3,0,3
110267,21.4,4.5,Sales,2,0,3
77620,19.4,3.2,Marketing,4,1,2
87420,15.2,5.8,HR,3,0,2
44430,2.7,3.4,Sales,3,0,1
57272,2.7,2.0,Engineering,4,0,1
106826,15.7,4.5,Engineering,3,1,3
45181,2.6,2.3,Marketing,4,1,1
52342,10.4,6.2,HR,5,0,1
86254,14.1,5.0,Engineering,4,1,2
59967,4.0,4.1,Engineering,3,0,1
53489,4.8,0.0,Sales,3,0,1
77981,11.3,3.8,Engineering,3,0,2
68056,15.5,7.5,HR,3,0,1
146182,19.4,6.8,Engineering,3,0,3
92040,16.2,1.7,Engineering,3,0,3
61374,12.5,3.6,Operations,3,0,1
55210,6.8,1.6,Engineering,3,0,1
65197,4.5,5.8,Engineering,4,1,2
68893,8.4,4.0,Engineering,3,0,1
86169,14.9,3.2,Engineering,3,1,2
79816,14.4,4.3,Engineering,3,1,2
59749,0.0,0.0,Engineering,3,0,1
69210,6.5,1.8,Engineering,5,0,1
103272,20.4,5.0,Engineering,4,1,3
67952,12.6,5.3,Sales,3,1,2
49797,2.1,0.0,Marketing,4,0,1
166760,28.0,5.1,Sales,4,0,4
106571,11.8,5.5,Engineering,3,0,2
88606,14.7,2.1,Sales,3,0,2
80816,14.8,4.6,HR,5,0,2
48941,9.4,3.8,HR,3,1,1
84412,6.9,6.0,Engineering,4,0,2
159677,26.9,5.3,Engineering,4,0,4
147433,19.0,4.5,Engineering,4,0,3
156241,17.8,5.9,Engineering,5,1,4
77576,16.0,2.4,Sales,4,0,2
60117,5.0,2.9,Sales,3,0,1
170754,20.9,4.3,Engineering,4,1,3
54360,6.1,3.2,Sales,3,1,1
91176,14.0,5.5,Sales,4,0,2
51724,0.5,3.6,Engineering,3,0,1
43184,0.0,1.6,HR,3,0,1
77043,14.2,4.4,Engineering,4,1,2
53821,6.3,5.6,Operations,4,1,1
52246,0.0,1.5,Engineering,2,0,1
81787,15.8,4.6,HR,4,1,1
86950,26.8,5.3,Operations,3,0,2
129870,21.7,4.9,Operations,4,1,4
63549,10.2,1.4,HR,3,1,1
59515,12.1,6.1,HR,3,1,1
102635,18.2,3.5,Marketing,4,0,3
81838,19.9,6.4,HR,3,0,2
71832,9.6,2.8,Engineering,4,1,2
52806,12.2,3.1,Sales,4,0,1
66568,14.1,6.0,Sales,3,0,1
71630,15.9,5.9,HR,4,1,2
78720,11.1,4.2,Sales,3,0,2
71038,11.2,5.1,Sales,3,1,2
90757,21.7,4.6,Marketing,4,1,2
124335,20.5,4.9,Engineering,3,0,3
92662,15.3,3.4,Engineering,3,1,2
123943,24.0,6.6,Sales,4,1,3
53507,9.3,2.7,Sales,4,0,1
212201,23.4,7.4,Engineering,3,0,5
98774,15.8,3.9,Sales,3,0,2
147254,28.0,5.7,Sales,3,0,3
55676,3.7,4.2,Engineering,5,0,1
57510,7.2,3.5,Sales,4,0,1
63191,14.9,3.9,Marketing,3,0,2
111276,14.8,4.3,Engineering,4,0,3
121231,25.7,6.8,Operations,3,1,3
47428,7.3,2.5,Operations,3,0,1
102410,18.3,4.5,Sales,4,0,3
148564,20.1,4.9,Engineering,4,0,4
103527,16.9,5.8,Sales,3,0,2
56502,5.3,3.1,HR,4,1,1
109658,21.9,7.8,Marketing,4,0,3
83477,20.6,4.7,HR,3,1,2
82982,16.2,4.1,Sales,3,0,2
84935,13.4,3.9,Marketing,3,1,2
108278,13.6,2.2,Engineering,4,0,3
72702,11.4,2.4,Marketing,4,1,2
124785,16.5,3.7,Engineering,4,0,3
60350,12.2,5.7,Marketing,3,0,1
59555,6.1,3.3,HR,3,1,1
59682,4.7,2.5,Engineering,4,0,1
50832,6.7,5.3,Marketing,4,0,1
109310,13.6,6.5,Engineering,4,1,3
73889,11.8,5.9,Marketing,3,1,1
85134,13.5,2.9,Engineering,4,0,2
88827,15.5,3.6,Operations,3,0,2
62941,7.6,6.2,Engineering,4,0,1
105886,22.3,5.5,Operations,4,0,3
61184,10.1,3.4,HR,3,0,1
55889,9.0,4.8,Sales,3,0,1
106001,15.4,5.9,HR,3,0,3
44475,0.0,1.9,HR,4,1,1
47200,6.5,3.7,Operations,3,1,1
126427,18.9,6.1,Engineering,4,1,3
43964,0.0,1.0,Sales,4,0,1
161035,19.8,4.9,Engineering,3,0,4
145224,22.6,3.5,Marketing,4,1,3
75774,9.4,2.2,Engineering,4,1,2
73427,14.0,3.4,Sales,3,0,1
117469,19.8,5.6,Sales,4,1,3
60318,8.7,3.2,Sales,3,0,1
89337,18.1,3.7,Sales,4,1,2
47363,7.3,3.6,HR,4,1,1
55172,8.7,1.9,HR,4,1,1
55124,6.4,4.0,Sales,4,1,1
77685,14.4,6.0,Sales,3,0,2
101083,20.1,4.7,Operations,3,1,2
85423,10.7,3.6,Engineering,4,0,2
56733,3.1,3.6,Engineering,4,0,1
66456,4.4,0.1,Engineering,4,1,1
66248,14.8,5.1,Marketing,5,0,2
198240,24.9,10.0,Sales,4,1,4
57404,14.8,4.1,HR,4,1,1
70925,9.3,3.5,Marketing,3,1,2
137163,17.4,5.7,Engineering,3,0,4
52587,10.3,6.3,HR,3,1,1
66347,9.4,5.2,HR,4,1,1
87312,5.3,0.0,Engineering,4,0,2
121960,21.9,5.9,Sales,4,0,3
58586,0.0,6.6,Engineering,3,0,1
124037,17.6,5.5,Engineering,3,0,3
96293,8.8,1.9,Engineering,3,0,2
52439,9.1,4.1,Operations,4,1,2
130843,23.8,3.3,Sales,4,1,3
65267,7.0,5.3,Sales,3,0,2
40977,7.2,2.1,Marketing,4,0,1
61281,11.1,4.0,Sales,3,1,1
96883,14.9,3.0,Operations,4,0,2
49750,8.9,2.8,HR,3,1,1
56296,1.0,5.1,Sales,4,0,1
77873,5.9,3.5,Sales,3,0,2
90851,21.0,4.1,Operations,4,1,2
75618,12.5,2.3,Marketing,4,0,2
62040,15.2,1.5,Operations,3,0,2
73611,10.2,1.9,Engineering,3,1,2
58591,7.4,3.7,HR,3,1,1
104744,23.7,6.7,Marketing,3,1,2
86299,10.7,3.0,Engineering,3,1,2
76916,8.9,6.0,Sales,4,0,2
140090,19.7,3.7,Marketing,3,1,3
60435,6.9,3.1,Engineering,4,0,1
69435,7.8,1.9,Sales,4,1,1
61698,12.1,5.5,HR,3,1,1
134834,12.0,7.1,Engineering,4,0,3
68940,13.8,1.6,Sales,3,0,2
140668,26.6,5.0,Sales,4,1,3
91560,14.4,6.2,Engineering,3,0,2
43314,0.0,0.5,Operations,4,1,1
74584,14.3,5.1,HR,3,0,1
94226,12.3,5.9,Engineering,4,1,2
70788,12.3,4.1,Operations,4,1,1
69291,13.7,5.0,HR,3,1,2
81982,11.8,6.6,Engineering,3,0,2
61539,11.6,6.9,HR,4,1,1
117109,16.3,4.4,Engineering,4,0,3
52611,8.2,2.8,Operations,2,1,1
46326,5.4,1.9,Marketing,5,0,1
195602,28.0,7.2,Marketing,4,0,4
71286,7.0,1.4,Engineering,4,0,2
71191,12.7,3.7,HR,3,1,1
55272,1.5,3.0,Engineering,2,0,1
114612,12.8,3.3,Engineering,4,0,3
79136,5.5,3.7,Engineering,3,0,2
52474,8.9,7.5,HR,4,1,1
158667,19.3,4.6,Engineering,3,0,4
98854,15.3,3.7,Operations,4,1,2
87482,16.0,6.0,Marketing,3,1,2
59674,0.0,3.1,Engineering,4,0,1
196259,24.9,7.5,Engineering,3,1,4
73522,3.7,3.4,Engineering,5,0,2
122623,22.7,4.8,Marketing,5,0,3
106849,19.2,2.1,HR,4,0,3
123450,16.0,2.0,Engineering,4,0,3
41595,6.0,0.6,HR,3,0,1
93870,13.1,4.7,Engineering,4,0,2
51969,8.7,1.6,HR,3,0,1
71361,12.2,5.9,Operations,3,1,2
67071,10.3,3.9,HR,4,0,1
41296,0.0,2.3,Marketing,4,1,1
72629,19.9,3.6,HR,3,1,2
115034,11.4,4.9,Engineering,3,0,3
54696,8.6,2.4,Engineering,3,1,1
61001,8.1,2.1,Engineering,2,0,2
96277,14.5,6.1,Sales,4,1,2
54124,5.7,3.9,Marketing,3,1,1
48277,0.0,2.4,Marketing,4,0,1
74266,14.8,5.3,HR,3,0,2
97623,15.6,4.4,Engineering,3,0,3
52612,10.6,4.4,Marketing,4,1,1
56096,4.0,1.9,Engineering,3,0,1
66990,12.6,7.2,Engineering,4,0,1
48452,1.7,2.0,Marketing,3,1,1
49390,4.8,5.6,Operations,3,0,1
54841,6.7,3.1,Marketing,2,1,1
105780,17.9,5.8,Engineering,2,0,2
62374,9.5,4.8,Marketing,5,1,1
88294,8.9,5.4,Engineering,5,0,2
139557,25.7,4.2,HR,4,0,4
70408,14.5,5.9,Marketing,3,0,1
98945,14.4,7.0,Engineering,3,1,2
60781,9.4,3.3,Engineering,4,0,2
84590,7.8,3.6,Engineering,3,0,2
44289,0.0,1.9,Operations,4,1,1
120533,18.8,4.2,Sales,3,0,3
68567,15.1,6.9,HR,3,1,2
56647,10.7,2.4,Marketing,3,1,1
65743,11.0,2.5,Sales,4,1,2
136400,17.2,7.0,Engineering,3,0,3
39257,1.1,3.8,Operations,4,0,1
61424,7.9,6.7,Engineering,3,0,1
56591,4.0,2.5,Sales,4,0,1
116888,24.4,5.5,Marketing,4,0,3
93488,18.1,3.7,Marketing,3,0,3
49727,0.0,2.9,Operations,4,0,1
59143,1.4,0.2,Engineering,2,0,1
71442,11.1,4.9,Sales,3,0,1
81051,8.7,4.1,Sales,4,0,2
49921,2.7,2.9,Sales,5,1,1
143623,25.6,4.9,Engineering,2,1,3
84097,14.2,2.9,Engineering,3,0,2
142290,15.3,5.4,Engineering,4,0,4
84217,7.2,1.7,Engineering,3,0,3
87032,17.1,5.3,Sales,3,0,2
65413,9.3,6.8,Marketing,4,1,1
70554,10.0,6.0,Marketing,4,1,1
89347,16.3,2.2,Sales,4,1,2
59415,0.6,2.0,Sales,4,1,1
157052,23.2,5.8,Engineering,4,0,4
65574,13.3,4.0,Sales,3,0,2
140541,21.0,2.9,Engineering,3,0,3
65243,4.5,3.8,Engineering,3,1,2
53806,5.5,3.3,Sales,3,0,1
44672,3.9,6.0,Sales,4,1,1
81072,13.8,3.8,Engineering,3,1,2
68750,12.5,5.8,Sales,3,0,2
66362,8.7,1.7,Sales,4,1,2
48516,4.9,1.7,Marketing,3,0,1
50604,3.1,4.1,Marketing,4,1,1
73443,11.7,5.6,Marketing,3,1,1
70525,8.7,2.2,Engineering,4,1,1
43340,7.2,3.5,HR,3,0,1
109257,22.8,3.1,Sales,4,1,2
65245,11.4,3.7,Sales,4,1,1
95393,20.9,6.2,Marketing,4,1,2
70387,8.3,3.0,Sales,4,1,2
84376,13.7,3.8,Sales,3,0,2
66401,11.6,2.3,Marketing,4,1,2
42050,0.1,1.8,HR,3,0,1
113501,22.0,7.7,Operations,4,1,2
70617,11.1,4.0,Sales,4,1,2
94081,17.2,3.1,Sales,3,0,3
50720,6.7,3.0,HR,3,1,1
70886,10.8,1.5,Engineering,4,1,2
40407,5.9,1.8,HR,3,0,1
98043,20.7,7.0,Sales,4,1,2
109955,14.2,4.0,Engineering,3,0,2
81541,14.6,7.1,Engineering,4,0,1
111795,21.5,4.9,HR,4,1,3
120678,20.1,4.8,Engineering,4,0,4
129194,17.4,5.5,Engineering,3,0,3
54350,2.0,0.0,Engineering,4,0,1
70736,7.1,3.8,Engineering,4,1,2
61920,5.0,3.2,Engineering,3,0,1
90392,17.1,6.8,Marketing,4,1,2
81541,13.2,5.6,Engineering,4,0,2
46575,2.3,1.3,HR,4,1,1
68299,10.7,5.7,HR,5,1,1
48033,1.5,2.5,Sales,4,1,1
91756,11.6,2.6,Engineering,4,0,3
45578,0.4,3.1,Marketing,4,0,1
126191,15.7,4.1,Engineering,3,1,3
75799,14.6,6.6,Sales,3,0,2
111851,25.4,5.9,Operations,4,1,2
78561,17.9,4.9,Operations,4,1,2
58165,9.0,5.0,HR,4,0,1
116807,17.7,6.3,Engineering,3,0,3
46187,2.2,4.1,Marketing,4,0,1
65203,5.3,5.4,Marketing,3,0,1
71354,14.3,5.2,Sales,3,1,2
48302,0.0,3.0,Marketing,4,1,1
91058,11.7,5.8,Engineering,4,1,1
65726,4.9,3.1,Engineering,4,0,1
57026,12.7,4.1,Sales,4,1,1
64068,4.5,5.8,Engineering,4,0,2
90111,15.0,6.8,Engineering,4,0,2
60684,12.1,4.0,HR,4,1,1
115510,21.8,4.4,Operations,3,0,3
70643,12.0,6.2,Sales,5,0,2
47158,6.6,4.6,HR,4,1,1
53296,10.3,4.3,Operations,3,0,1
55260,2.6,2.5,Engineering,3,0,1
109334,14.8,4.8,Sales,4,0,2
78082,16.1,4.4,Sales,3,1,2
168596,28.0,4.7,Engineering,4,0,4
46236,7.6,3.7,HR,4,1,1
81696,10.1,4.2,Sales,3,0,2
69497,8.0,3.0,Sales,3,1,2
100152,13.5,5.5,Engineering,4,0,3
110853,14.7,6.2,Engineering,3,0,3
55715,11.6,5.4,Operations,4,1,1
158024,19.6,4.4,Engineering,3,0,4
109548,7.7,4.7,Engineering,3,0,2
161797,18.9,4.9,Engineering,4,0,4
84528,15.8,2.6,Sales,4,0,2
73991,11.9,5.0,Sales,3,0,2
63754,9.8,4.0,Sales,3,0,2
222802,28.0,9.6,Engineering,4,0,4
70616,6.3,5.6,Engineering,4,0,1
72989,14.1,5.3,HR,4,0,2
62887,6.7,3.8,Marketing,3,1,1
151908,24.5,5.6,Marketing,4,0,4
94652,18.2,3.2,Marketing,4,1,2
52236,7.3,0.9,HR,4,1,1
110662,15.6,3.1,Engineering,3,0,3
61323,13.8,4.1,Sales,4,1,1
67173,8.4,0.5,Sales,5,1,2
131866,17.3,3.8,Engineering,3,0,3
71469,14.7,3.9,HR,4,1,2
85499,13.5,3.8,Sales,3,1,2
51512,11.7,3.0,HR,4,0,1
83918,15.0,3.8,HR,4,1,2
88570,13.6,6.8,Sales,4,1,2
53784,12.4,5.0,Operations,4,1,1
67044,7.5,2.7,Sales,4,1,2
130127,23.9,5.2,HR,3,1,3
61139,4.6,3.2,Engineering,3,1,2
88741,15.0,3.2,Sales,3,0,3
59973,9.8,2.6,Sales,2,1,1
230383,24.3,6.8,Engineering,4,0,4
51394,5.7,2.7,Sales,5,0,1
55322,6.9,1.8,Operations,4,0,1
53702,5.2,3.2,Marketing,4,1,1
103959,14.3,4.4,Engineering,3,0,3
55178,2.4,0.0,Engineering,3,0,1
76096,8.7,3.6,Engineering,4,0,2
52159,0.0,4.0,Engineering,5,0,1
75255,13.7,4.9,Operations,4,1,3
62728,8.5,7.0,Sales,4,1,1
63696,1.6,4.8,Engineering,4,0,1
121041,19.6,7.0,Sales,4,0,3
69415,2.8,7.2,Engineering,3,0,1
131155,17.6,5.7,Engineering,3,1,3
54440,7.1,3.7,Marketing,3,1,1
114364,23.2,6.7,Marketing,4,1,3
77354,17.2,3.7,Operations,3,1,2
43740,4.9,3.4,Marketing,3,0,1
63668,5.6,2.3,Sales,3,0,2
82167,16.2,5.0,HR,3,0,2
70393,10.2,2.8,Operations,3,0,1
76450,10.8,2.8,Marketing,3,0,2
100883,20.9,5.6,Operations,3,0,3
43229,6.8,3.2,HR,3,1,1
56399,12.6,1.2,HR,4,1,1
111125,18.7,2.5,Engineering,2,0,2
82911,17.7,2.9,Marketing,2,0,2
80703,10.9,2.6,Sales,4,0,2
61467,10.0,4.4,Sales,4,1,1
50163,0.0,3.0,Marketing,4,0,1
42375,4.6,4.8,Operations,3,0,1
94608,14.2,5.4,Operations,3,1,2
76343,11.0,5.5,Engineering,3,0,2
70385,12.5,5.0,Marketing,3,1,1
105697,19.3,5.1,Marketing,4,1,3
70234,3.7,4.8,Engineering,3,1,2
82089,10.3,5.2,Engineering,3,1,2
93776,13.3,4.7,Engineering,5,1,2
57091,7.1,5.4,HR,3,0,1
110525,22.0,1.6,Sales,4,1,2
122449,18.4,4.3,Operations,4,0,3
85718,14.0,3.8,Sales,4,1,2
185190,24.6,7.1,Operations,4,0,4
52504,1.5,5.2,Sales,4,0,1
65237,11.9,1.8,HR,4,1,1
121959,14.6,6.4,Engineering,3,0,3
51026,5.6,1.6,Sales,4,0,1
62739,14.1,2.5,HR,5,1,1
52674,4.3,2.8,Operations,4,0,1
66711,16.8,4.0,HR,4,1,1
128546,19.4,2.5,Engineering,4,1,3
77524,13.9,5.2,Sales,3,1,1
53728,0.0,3.7,Engineering,3,0,1
52692,5.2,4.9,Engineering,4,0,2
100749,16.0,3.8,Marketing,4,1,2
60221,12.1,4.0,Marketing,3,1,1
39367,0.0,2.7,HR,3,0,1
97743,20.7,7.5,HR,5,1,3
58490,13.0,0.0,Marketing,4,0,1
47333,6.3,2.0,HR,5,0,1
115908,19.0,4.8,Engineering,4,0,3
68950,7.3,1.9,Engineering,4,1,2
58050,7.2,3.1,Marketing,3,1,1
97698,14.5,4.1,HR,4,0,2
188899,24.5,4.4,Engineering,4,1,4
145540,23.4,5.3,Sales,3,1,3
77980,14.5,5.2,Marketing,3,0,2
95278,15.2,4.0,Engineering,4,1,2
94483,17.5,3.9,Sales,3,1,2
43124,3.2,2.8,HR,3,1,1
80895,16.5,4.5,Marketing,4,0,2
80744,6.9,0.8,Engineering,4,1,2
72282,14.2,4.9,HR,3,1,1
83124,10.4,3.2,Engineering,4,1,2
57964,15.5,6.3,HR,3,1,1
87424,12.8,5.0,Engineering,3,0,2
41628,0.0,4.5,Sales,4,0,1
97005,13.3,2.6,Sales,4,0,3
99772,16.5,3.9,Engineering,3,1,2
72512,15.1,2.5,HR,3,1,2
104193,11.3,2.9,Engineering,3,0,3
154203,23.5,7.1,Engineering,4,0,3
98649,14.2,6.5,Engineering,2,0,2
68962,15.1,2.6,Marketing,3,0,2
69536,19.3,4.1,HR,2,0,1
82181,14.5,4.2,Operations,4,0,2
90304,5.7,4.2,Engineering,2,0,2
44840,0.0,0.1,Sales,4,0,1
82751,8.7,1.2,Engineering,4,0,2
102989,17.3,5.3,Sales,5,0,2
63697,9.5,0.8,Operations,2,0,2
98548,17.6,3.9,Marketing,4,1,2
93363,13.0,4.4,Sales,3,1,2
170015,21.0,5.6,Sales,3,1,4
72802,9.9,3.6,Operations,3,0,2
112951,15.3,3.8,Sales,4,1,2
90189,15.5,5.6,Engineering,4,1,2
135997,22.5,5.6,Sales,3,0,2
57164,0.1,1.8,Engineering,4,1,1
93185,8.8,3.7,Engineering,2,1,2
99319,17.9,5.2,Engineering,3,0,2
143750,22.8,7.7,Sales,3,1,3
94536,13.7,5.4,Marketing,4,1,2
74051,10.0,5.6,Engineering,3,1,2
88203,17.3,3.7,Sales,3,0,2
65058,18.1,3.9,Operations,3,1,2
54127,9.5,3.4,HR,4,1,1
75476,14.3,4.0,Sales,4,1,2
123545,20.3,3.4,Engineering,4,1,3
176193,25.2,7.3,HR,3,1,3
149737,17.2,5.9,Engineering,4,1,3
73186,12.3,3.6,Engineering,4,1,2
77589,11.6,4.9,Operations,3,1,2
97185,15.9,4.8,Sales,3,0,2
60261,11.2,5.0,Marketing,4,0,1
81177,13.3,2.1,Sales,3,0,2
53003,4.6,3.0,Marketing,5,1,1
134377,21.1,4.9,Engineering,3,1,4
52930,4.0,4.1,Engineering,3,0,1
81241,9.0,2.7,Engineering,3,0,2
85727,12.7,0.3,Engineering,5,0,2
92964,25.9,3.9,HR,3,0,2
86914,9.0,3.6,Engineering,3,1,3
57798,7.3,3.6,Sales,3,0,1
62463,8.1,6.1,HR,4,0,1
115997,23.6,6.1,HR,3,1,3
58438,0.0,2.8,Sales,3,0,1
49637,5.0,3.2,Sales,1,1,1
167070,28.0,7.4,Operations,4,1,4
78903,16.1,3.6,Marketing,4,1,2
51795,4.3,3.0,HR,4,1,1
53917,11.7,2.3,Operations,4,0,1
94446,12.5,6.2,HR,3,0,2
101176,17.9,5.2,Engineering,4,0,3
159828,24.9,4.3,Sales,3,1,3
112622,14.7,4.1,Engineering,4,1,3
60857,8.2,4.4,Marketing,3,1,1
98680,17.5,4.2,Operations,3,0,2
62938,7.1,2.7,Sales,3,1,1
48893,4.8,2.2,Sales,4,1,1
57642,0.0,3.2,Engineering,4,0,1
56703,1.0,2.3,Operations,4,0,1
54941,5.7,2.6,Engineering,3,0,1
104580,3.8,1.1,Engineering,4,1,3
115414,14.2,4.4,Engineering,3,1,3
55382,3.6,2.8,Engineering,4,0,1
42950,0.0,2.2,Sales,4,0,1
63272,4.7,3.5,Sales,4,1,2
64657,8.7,4.8,Engineering,4,0,2
75596,7.8,4.6,Engineering,3,0,2
163644,22.6,6.0,Engineering,4,0,4
62104,7.7,3.2,Sales,5,0,2
133351,18.2,3.8,Engineering,3,0,3
70491,11.9,2.4,Marketing,2,1,2
79594,11.7,3.1,Engineering,4,0,2
72110,6.2,3.4,Engineering,3,0,2
79507,11.6,2.8,Sales,3,1,2
57514,6.6,3.6,Sales,4,1,1
81257,13.2,2.7,Engineering,3,0,2
67580,10.3,1.3,Engineering,3,1,1
50282,5.4,4.5,HR,3,1,1
107771,18.9,4.0,Engineering,4,1,3
81542,15.0,3.1,Sales,4,0,2
63008,8.9,2.0,Sales,3,1,1
116210,13.0,4.7,Engineering,3,0,3
78386,11.4,6.0,Sales,4,0,2
54079,5.9,2.7,HR,3,1,1
63538,12.5,3.7,HR,3,1,2
71476,7.7,5.1,Engineering,4,0,2
67903,5.4,0.6,Engineering,4,1,2
66783,0.6,5.7,Engineering,3,1,1
66842,9.5,7.4,Sales,4,0,1
76493,16.0,0.4,Marketing,4,0,2
76442,7.1,3.3,Engineering,4,1,1
181057,28.0,4.6,Engineering,4,1,4
110599,18.2,4.3,Operations,2,1,2
124199,21.1,4.3,Engineering,3,0,3
82256,17.6,5.8,Sales,4,1,2
149049,25.0,5.2,Marketing,3,0,4
71297,6.5,2.0,Engineering,4,1,2
48173,0.0,2.5,Engineering,4,0,1
111606,8.9,4.4,Engineering,4,0,2
68647,15.9,2.6,Operations,4,0,1
109011,13.1,1.6,Engineering,4,1,3
91041,13.9,7.2,Engineering,3,0,2
102711,21.2,4.0,Engineering,3,0,2
125249,14.7,4.1,Engineering,2,1,3
70820,17.6,4.0,Marketing,3,0,2
64754,5.4,4.1,Engineering,3,0,2
54004,4.3,5.8,Sales,4,1,1
151467,23.3,6.1,Sales,4,1,3
66940,12.7,1.8,HR,4,1,2
78781,7.6,1.5,Engineering,4,1,2
52487,7.7,2.9,HR,3,1,1
65156,7.5,3.1,Marketing,5,0,1
61104,7.0,0.9,Engineering,4,0,2
51886,3.0,4.3,HR,3,1,1
42643,1.5,1.2,HR,3,1,1
81347,10.6,6.1,Engineering,3,0,1
51698,7.8,6.3,Operations,4,0,1
115200,19.8,4.5,Sales,3,1,3
65689,14.1,4.9,Marketing,3,1,1
66317,13.9,2.4,Operations,3,0,2
59358,6.8,4.4,Sales,3,1,2
54195,11.2,3.2,HR,4,0,1
111200,14.5,2.6,Engineering,4,0,3
74434,17.0,4.1,HR,4,0,2
58098,11.3,3.2,Marketing,3,1,1
120596,19.6,4.3,Engineering,4,1,4
92783,12.1,5.4,Sales,3,0,3
133296,17.5,3.4,Engineering,3,1,3
74728,8.6,6.2,Engineering,3,1,1
50618,0.0,0.7,Engineering,4,1,1
117917,13.9,6.6,Engineering,4,0,3
106096,17.1,3.0,Engineering,3,0,3
118176,16.0,4.4,Engineering,3,0,2
86347,15.0,3.6,Marketing,3,0,1
59860,9.6,3.2,Marketing,4,0,1
75273,6.4,4.6,Marketing,3,0,1
110788,15.9,6.7,Engineering,3,0,3
67871,15.0,6.1,HR,3,1,2
53709,8.1,3.0,Sales,3,1,1
151321,19.8,5.1,Engineering,4,0,4
96514,5.8,2.2,Engineering,4,0,2
52799,7.9,2.1,Marketing,3,1,1
148574,23.5,3.5,Engineering,4,1,4
99080,18.1,4.0,Sales,3,0,3
66025,9.5,4.1,Operations,4,0,1
99825,14.0,1.3,Engineering,4,0,2
100835,13.1,4.0,Engineering,4,1,3
36275,0.0,5.0,Operations,3,1,1
60298,5.7,5.0,Sales,5,0,2
105350,11.6,3.1,Engineering,4,0,2
58288,9.5,1.6,HR,3,1,1
63313,13.7,4.9,HR,4,1,1
115238,19.9,1.4,Sales,4,1,2
76152,9.7,5.4,Marketing,4,1,1
58875,4.6,2.9,Engineering,3,1,1
96992,14.3,7.0,Engineering,4,0,2
55251,9.7,1.2,Sales,3,1,1
70252,10.9,5.3,Engineering,4,0,1
49743,10.0,3.6,Marketing,3,0,1
108407,27.7,5.2,HR,4,0,3
49651,0.0,0.7,Engineering,3,1,2
85018,9.3,4.6,Sales,3,0,2
73617,12.0,5.0,Engineering,3,0,2
68186,6.5,6.1,HR,4,0,1
96264,18.3,6.2,Engineering,4,1,2
88034,17.7,3.7,Marketing,3,1,1
61586,11.7,2.5,Sales,4,0,1
50617,10.1,1.7,Sales,4,0,1
74425,11.2,6.1,Marketing,4,0,1
71806,11.3,2.8,Marketing,3,0,1
71737,11.5,6.2,Sales,3,1,2
55586,10.7,4.6,HR,3,1,1
69065,13.8,4.7,Operations,2,0,2
89459,17.3,4.1,Sales,4,0,2
54254,3.4,4.1,Sales,4,0,1
56944,4.6,3.2,Engineering,3,1,1
34225,0.0,2.2,HR,2,1,1
87929,18.1,5.7,Sales,2,0,2
75238,13.8,4.0,Sales,3,0,1
110794,15.5,3.2,Engineering,5,0,3
44210,2.0,3.8,HR,3,1,1
141606,24.5,5.2,Sales,4,0,4
52197,7.7,4.3,Marketing,3,1,1
125752,13.2,3.4,Engineering,4,1,3
87310,18.0,2.8,Operations,4,0,3
68974,5.1,5.9,Engineering,3,0,1
82301,8.2,5.9,Engineering,3,0,2
78149,13.3,5.5,HR,4,0,2
145891,28.0,5.1,Operations,4,0,4
104745,14.1,3.8,Engineering,4,1,3
108859,23.2,7.3,Sales,3,1,2
105400,20.4,4.4,Marketing,4,0,3
65268,14.6,3.3,HR,4,1,1
60228,5.1,6.1,Sales,4,1,1
149975,19.4,4.7,Sales,4,0,3
50634,1.5,5.5,Marketing,3,1,1
92598,23.2,3.1,Marketing,3,1,3
85567,13.4,4.9,HR,3,1,2
49243,0.0,5.8,Sales,4,0,1
125170,9.6,3.8,Engineering,3,0,3
97930,16.6,4.1,Operations,3,0,2
51759,10.3,2.1,HR,2,1,1
90276,17.0,6.2,HR,2,1,2
56597,6.0,2.2,Engineering,4,1,1
57258,2.9,2.9,Engineering,3,0,1
78599,11.5,2.1,Marketing,4,0,2
104460,12.2,6.4,Engineering,4,0,2
65442,9.6,5.5,Operations,3,0,1
120511,20.6,4.9,Sales,4,0,3
69843,6.0,1.6,Marketing,4,1,1
61988,14.2,6.5,HR,2,1,1
65587,12.5,3.5,Sales,3,0,2
45149,1.1,1.2,Engineering,4,0,1
56099,2.8,0.4,Marketing,4,1,1
93274,12.1,3.0,Sales,5,0,3
135277,25.9,3.3,Sales,3,0,3
76795,16.1,3.5,Marketing,3,1,2
42688,0.0,3.8,Operations,3,0,1
43501,0.0,2.2,Sales,4,0,1
128352,17.1,5.1,Engineering,4,0,3
75721,11.3,2.8,Sales,4,0,2
148627,20.0,5.0,Sales,4,0,4
66885,5.8,6.2,Engineering,4,1,1
88335,14.5,3.7,Engineering,4,0,2
74046,17.9,5.2,Marketing,4,1,2
54095,8.9,1.3,Engineering,4,0,1
99428,9.0,6.0,Operations,3,1,2
104180,12.2,3.3,Engineering,4,0,2
116753,15.8,6.0,Engineering,4,0,2
54860,11.9,3.8,HR,3,0,1
86175,18.8,5.6,HR,3,1,2
73471,8.8,4.7,Engineering,4,1,2
48365,2.7,2.3,Engineering,4,0,1
172792,25.8,7.1,Engineering,3,0,4
68127,7.8,2.4,Sales,3,0,1
67063,8.0,4.7,Sales,4,0,1
75666,11.5,3.4,Engineering,4,1,2
86053,12.5,4.6,Engineering,3,0,2
66329,9.3,3.0,Sales,5,1,1
57095,11.9,4.1,Operations,4,0,1
73869,11.7,2.4,Marketing,4,0,2
102818,13.2,4.5,Sales,5,1,3
55709,0.0,2.8,Engineering,3,0,1
150016,25.2,4.6,Engineering,3,1,3
78633,11.0,3.8,Engineering,3,0,2
74935,16.1,4.6,HR,3,0,2
39456,2.4,2.0,HR,3,1,1
46380,8.7,3.5,Operations,4,0,1
61742,7.3,2.0,Operations,4,1,2
133713,22.3,8.6,Operations,3,0,3
47446,7.9,5.1,Operations,3,0,1
125775,17.3,5.0,Engineering,4,0,3
72233,7.4,5.3,Engineering,3,1,1
61826,8.8,0.7,Engineering,4,0,2
57355,10.3,0.0,Sales,4,1,1
189955,21.0,4.4,Engineering,2,1,4
44677,0.0,0.6,HR,4,1,1
38640,2.8,2.7,Marketing,2,1,1
51689,0.0,3.0,Sales,3,1,1
55729,4.4,4.6,Engineering,3,0,1
66699,6.3,1.7,Engineering,4,0,1
50246,0.7,3.4,Engineering,3,0,1
51412,6.9,3.5,HR,3,1,1
45501,0.0,3.2,Sales,4,0,1
51502,4.9,2.5,Marketing,3,0,1
126238,20.4,7.0,Engineering,3,0,3
83006,14.8,4.1,Sales,4,0,2
73088,13.3,6.8,Sales,2,1,2
51760,5.0,2.1,HR,3,0,1
46631,1.2,4.0,HR,3,0,1
48752,4.0,3.1,Engineering,4,0,1
67924,11.7,3.5,Operations,4,0,1
102472,18.1,5.6,Engineering,4,0,2
70891,18.3,4.2,HR,3,1,1
121206,16.4,0.5,Engineering,2,0,3
74711,6.8,0.0,Engineering,4,1,2
84569,12.2,5.9,HR,4,1,2
81292,9.8,5.6,Engineering,4,1,2
108188,10.6,6.7,Sales,4,0,3
140610,26.3,5.5,Sales,3,0,3
54825,0.0,0.8,Engineering,3,0,1
62407,10.4,3.2,Marketing,5,1,1
124727,20.5,4.9,HR,3,0,3
48487,1.7,1.4,HR,3,0,1
75837,7.5,6.0,Engineering,4,1,2
58369,8.3,7.0,Sales,3,0,1
83327,10.4,4.5,Engineering,3,1,2
49651,0.8,2.8,Engineering,4,0,1
99532,16.2,2.5,Engineering,4,1,3
66378,16.7,6.8,Operations,3,0,2
64899,15.6,4.5,HR,3,1,2
76439,5.9,2.9,HR,5,1,2
62769,12.6,4.8,Sales,3,0,1
69488,5.7,2.4,Sales,4,0,1
65047,9.7,4.0,Sales,4,1,1
161624,27.1,3.5,Sales,3,1,4
57063,12.7,5.7,Sales,3,1,1
58692,3.7,3.0,Engineering,4,0,1
117015,13.3,5.9,Engineering,4,0,2
56721,2.5,2.7,Operations,2,0,1
54090,3.6,2.9,Sales,4,1,1
42602,4.7,1.4,Operations,3,0,1
73031,8.9,4.8,Engineering,3,0,2
82924,18.6,3.4,Sales,4,1,2
160793,16.0,3.7,Engineering,3,0,4
140548,15.7,4.4,Engineering,3,0,3
61145,4.3,3.4,Engineering,3,0,1
73323,8.2,1.0,Engineering,3,0,2
109190,13.9,3.9,Operations,3,1,3
70408,7.6,4.7,Engineering,3,0,2
59797,10.1,3.2,Marketing,4,0,1
89774,15.1,4.0,Sales,4,1,2
55908,9.6,4.0,Sales,5,1,1
75560,13.6,4.0,Sales,3,1,2
124847,23.1,3.6,Engineering,3,1,3
69703,10.8,3.8,Operations,5,1,1
136246,20.3,6.4,HR,3,1,3
81819,15.9,2.8,Marketing,3,1,2
47897,1.7,2.3,Sales,4,1,1
53691,4.3,1.1,Engineering,3,0,1
64164,6.2,4.8,Operations,4,0,2
69840,6.0,3.2,Engineering,4,0,2
100293,11.4,2.7,Engineering,4,0,3
103578,16.3,4.6,Engineering,4,0,2
83271,20.8,3.1,HR,4,1,2
76248,14.2,2.7,Marketing,3,0,2
52143,8.9,1.5,HR,3,0,1
40675,0.0,1.1,HR,5,1,1
103779,12.5,6.1,Engineering,3,0,3
66102,12.2,2.9,Operations,3,0,1
67104,13.3,4.8,Sales,4,0,2
189645,26.7,4.3,Marketing,4,0,4
136935,20.7,6.1,Engineering,4,0,3
105789,17.5,3.1,Operations,4,1,3
66503,5.3,3.3,Engineering,2,0,1
72368,8.4,3.7,Engineering,3,1,2
60462,11.3,7.4,Sales,2,1,1
56904,6.6,4.4,Engineering,4,0,1
109027,15.5,3.5,Engineering,3,1,3
105335,14.5,5.3,Marketing,3,1,3
52467,4.4,6.4,Sales,4,1,1
113828,20.4,2.5,Operations,4,0,3
65798,12.7,2.8,Engineering,3,0,2
43119,0.0,2.4,Marketing,4,1,1
88570,11.6,3.3,Sales,4,1,2
63830,14.0,3.7,Marketing,3,1,1
98864,18.8,2.8,Sales,3,1,3
70275,9.6,5.8,Sales,4,1,2
57018,17.8,2.5,Operations,4,1,2
80024,13.3,3.8,Engineering,4,0,2
66030,2.8,4.6,Engineering,4,1,1
45030,2.1,2.9,Marketing,3,0,1
97222,19.9,3.4,HR,4,1,3
96055,20.4,2.9,Engineering,3,0,3
68823,14.3,3.9,Sales,3,0,2
127300,22.5,4.0,HR,3,1,3
99168,19.4,5.1,Marketing,3,0,2
69030,16.8,2.4,Operations,4,0,2
52095,5.6,4.5,Sales,3,1,1
123068,24.1,5.5,Marketing,3,1,3
84201,15.8,4.7,Engineering,3,0,2
46281,9.3,5.9,Operations,4,0,1
56240,7.3,2.8,Sales,4,1,1
69509,13.8,3.1,Marketing,3,0,1
51483,0.3,1.9,Sales,4,0,1
118483,16.9,4.2,Sales,4,1,3
51615,5.3,3.1,Marketing,3,1,2
69769,14.6,3.0,Sales,2,0,1
61284,8.3,0.6,Operations,3,0,2
61024,10.1,3.0,Sales,4,1,1
53856,6.7,4.0,Marketing,4,0,1
65758,10.9,4.1,Engineering,3,0,1
115944,25.2,7.2,Sales,5,0,4
146960,21.7,8.0,Sales,2,0,3
118432,14.5,5.4,Engineering,3,0,3
62779,11.8,6.1,Engineering,3,0,1
95156,17.9,5.8,Marketing,4,0,2
109844,19.9,7.4,Marketing,4,0,3
53088,6.2,6.2,Marketing,4,1,1
95348,11.5,5.4,Engineering,3,1,3
57149,0.0,3.8,Engineering,4,1,1
117127,19.9,4.5,Engineering,4,0,3
130532,26.5,5.5,HR,2,1,4
68927,12.6,3.6,HR,2,0,1
52814,0.0,3.6,Engineering,4,0,1
81617,16.3,3.4,Marketing,3,0,2
79985,5.7,3.0,Engineering,3,0,2
56607,7.4,0.0,Engineering,3,0,1
114957,16.4,7.1,Engineering,4,1,3
94767,13.8,3.9,Engineering,3,0,2
57155,8.6,4.3,Marketing,3,1,2
68496,7.5,5.7,Operations,5,1,2
98845,12.9,4.5,Engineering,4,0,3
70098,9.1,5.9,Sales,3,0,1
52527,4.2,1.3,Marketing,3,1,1
63815,9.7,7.3,Operations,4,0,1
80391,14.4,5.9,Marketing,3,1,3
84338,10.8,4.2,Engineering,4,0,2
43335,2.1,5.1,Marketing,3,0,1
146104,18.9,3.0,Engineering,3,0,4
33378,0.0,2.3,Operations,3,0,1
62542,8.9,5.8,Sales,3,0,2
61554,7.7,0.7,Marketing,4,1,1
112959,13.0,4.9,Engineering,4,1,3
85394,15.9,5.2,Sales,4,0,2
68285,19.9,7.8,HR,2,1,1
46648,7.0,1.1,Marketing,3,0,1
111526,16.1,6.9,Sales,4,1,3
71343,13.4,3.3,Operations,4,1,2
51616,0.0,2.0,HR,2,0,1
140973,25.3,3.6,Engineering,4,1,3
49813,1.9,1.3,Sales,4,0,1
86801,14.9,4.9,Sales,4,1,3
90419,14.7,2.6,Marketing,3,0,3
95247,13.9,5.3,Engineering,2,0,2
75039,8.5,2.6,Engineering,3,0,2
78254,17.8,2.8,Operations,3,0,2
46570,1.1,2.0,Operations,4,1,1
85201,11.5,4.5,HR,2,0,2
55099,8.1,3.2,Operations,3,1,1
63215,7.3,3.5,Marketing,4,1,1
84338,15.0,5.4,HR,4,1,2
101277,19.5,6.4,HR,4,1,2
67868,9.6,3.3,Sales,3,1,2
103431,17.5,3.0,Sales,3,1,3
85533,12.3,4.1,Engineering,4,1,2
57673,5.8,4.0,Marketing,4,0,1
88087,10.2,1.6,Engineering,4,1,2
81430,9.9,2.4,Engineering,3,1,2
63621,7.1,2.4,Sales,4,0,1
79729,15.0,4.0,Sales,3,0,2
119760,13.6,3.0,Engineering,4,0,3
50914,0.9,3.9,HR,5,1,1
45606,0.4,0.3,HR,4,1,1
92976,15.0,2.0,Engineering,3,0,2
67010,6.3,2.9,Engineering,2,1,1
98836,14.1,4.0,Engineering,2,0,3
82396,17.5,2.4,HR,4,0,2
48245,3.1,2.1,HR,3,0,1
47403,2.1,2.3,Engineering,3,0,1
102944,23.7,4.7,HR,4,0,2
96968,14.5,4.5,Engineering,4,0,3
56706,9.1,2.7,Sales,3,1,1
53304,5.5,5.5,Operations,3,0,1
73043,8.4,4.3,Engineering,4,1,2
69557,3.7,1.9,Engineering,3,0,2
112869,18.2,4.8,Sales,3,0,3
49641,6.6,3.6,Marketing,4,0,1
97895,19.7,6.6,Operations,4,1,2
51292,9.2,2.8,Operations,5,0,1
96766,4.7,4.4,Engineering,4,0,2
79966,9.0,3.7,Engineering,4,0,2
39083,0.0,5.0,HR,3,0,1
94125,11.2,5.9,Engineering,4,0,3
66151,10.8,4.2,HR,3,1,1
98804,17.8,4.2,Marketing,4,1,3
54767,0.0,3.5,Engineering,4,0,2
97338,20.1,4.6,HR,4,1,2
121070,17.7,7.1,Engineering,5,0,3
130210,20.8,5.1,Sales,4,0,3
104168,11.6,3.3,Sales,4,0,3
97142,19.1,4.1,Sales,4,1,2
61790,1.7,1.1,Marketing,5,1,1
70829,17.0,5.4,Marketing,3,0,2
46716,6.6,2.2,Operations,4,1,1
44546,0.4,4.4,Operations,3,0,1
67564,4.1,1.2,Sales,3,1,1
109180,12.0,4.2,Engineering,4,0,2
64096,6.2,5.1,Marketing,4,1,1
67184,14.6,1.1,Operations,3,1,2
50675,0.0,5.7,Engineering,3,1,1
42790,0.0,2.1,Sales,4,1,1
111634,21.6,5.2,Sales,3,0,3
148914,18.3,5.5,Engineering,4,1,3
50906,4.7,4.3,Marketing,5,1,1
78796,12.0,4.4,Sales,4,0,2
96175,19.1,6.3,HR,3,1,2
53550,14.9,5.1,HR,3,0,1
63628,13.0,6.7,HR,3,1,1
102117,19.7,5.6,Sales,3,1,3
77278,6.9,6.4,Engineering,4,0,2
72231,12.2,5.4,Marketing,4,0,2
63541,11.9,1.3,HR,3,0,2
81639,10.1,7.7,Sales,5,1,2
55828,9.3,2.8,HR,3,1,1
89287,12.5,6.3,Engineering,3,0,2
62503,12.2,4.1,HR,4,1,1
55673,4.7,4.8,Engineering,4,0,1
130325,17.6,3.6,Engineering,4,0,3
65529,5.2,4.2,Sales,4,0,2
79138,10.5,3.5,Engineering,4,0,2
77856,9.9,6.1,Engineering,3,0,2
110087,14.5,4.9,Engineering,4,0,3
60960,0.0,4.1,Sales,4,1,1
79253,18.2,1.4,HR,4,1,2
79393,7.3,3.4,Engineering,2,1,3
127294,20.5,5.5,Marketing,3,0,3
51682,8.7,4.0,HR,4,1,1
90540,11.7,5.4,Engineering,2,1,2
165681,25.4,4.9,Engineering,4,0,4
79753,10.1,3.9,HR,4,0,2
85486,20.7,6.7,HR,3,1,2
74850,12.3,0.6,Sales,3,0,1
81927,14.9,5.2,HR,3,1,3
84995,12.5,3.6,Engineering,3,0,2
127261,17.9,3.3,Sales,3,1,3
56907,7.2,4.0,Marketing,3,0,1
97302,5.1,5.1,Engineering,3,1,2
52612,7.5,5.1,HR,3,0,1
82112,12.7,3.9,Sales,3,1,2
73432,10.5,5.2,HR,5,1,1
76063,17.0,5.8,Sales,3,1,2
118773,21.1,4.8,Sales,4,0,4
54531,5.2,2.2,Engineering,3,0,1
69328,6.9,2.5,Engineering,3,0,1
38304,1.9,4.2,HR,2,0,1
196446,26.2,5.5,Engineering,3,0,4
96298,14.1,2.7,Engineering,3,0,2
117680,15.4,1.8,Engineering,4,0,2
65871,2.6,4.2,Engineering,4,0,1
60942,12.0,3.2,HR,2,1,1
102292,15.6,4.9,Sales,3,1,2
63206,10.2,5.7,Operations,3,1,1
117394,19.5,2.8,Engineering,3,0,3
142721,28.0,5.6,Marketing,4,1,4
61739,5.4,3.0,Sales,3,0,2
65590,4.8,3.8,Sales,3,0,2
53024,5.9,5.2,HR,4,1,1
87884,23.2,3.2,Operations,4,1,3
84893,19.3,5.6,HR,3,1,2
88029,11.1,5.5,Engineering,4,0,2
112330,12.3,3.8,Engineering,3,0,3
65037,6.3,3.2,Marketing,4,1,1
127871,18.2,5.3,Engineering,4,0,3
52857,9.3,4.2,Marketing,3,0,1
61042,10.2,4.7,Sales,4,1,2
115663,16.3,5.3,Sales,3,1,3
61157,10.7,2.4,HR,4,0,2
68563,10.4,5.3,Marketing,4,0,1
105787,12.1,5.8,Engineering,4,1,2
84728,17.6,4.9,Engineering,3,0,2
104921,23.5,3.0,Marketing,4,1,2
102859,16.1,4.3,Sales,3,0,2
137969,17.6,4.9,Engineering,3,0,3
48095,10.6,2.1,Sales,2,0,1
46400,7.0,2.9,HR,3,1,1
67263,16.6,2.4,HR,3,0,2
73117,13.2,5.0,Sales,4,1,1
52764,2.0,3.2,Sales,2,1,1
57368,9.7,1.3,Engineering,3,0,2
62843,11.4,4.5,Sales,4,1,1
87341,8.4,3.5,Engineering,3,0,2
129088,22.4,5.9,Sales,4,0,3
68772,15.4,3.8,Marketing,3,1,1
127032,21.6,3.8,Engineering,3,0,3
95313,13.8,3.0,Engineering,4,0,3
87068,12.6,3.3,Engineering,4,1,2
50652,5.4,3.3,HR,4,0,1
68072,12.1,4.2,Marketing,3,0,1
94900,12.1,3.7,Engineering,3,0,2
46481,2.4,2.3,HR,4,0,1
66962,8.2,3.1,Sales,3,1,1
75282,9.7,7.5,Sales,3,0,2
53971,14.9,3.2,Operations,3,1,1
99582,15.2,3.5,Engineering,3,0,2
102658,7.9,8.5,Engineering,3,0,3
92330,15.3,5.0,Sales,2,0,2
70598,10.7,1.8,Engineering,4,0,2
57348,0.0,4.0,Marketing,4,1,1
85030,8.6,2.3,Engineering,2,0,2
151818,19.6,6.2,Engineering,4,0,4
47133,0.2,2.4,Engineering,4,1,1
76287,12.8,3.4,Sales,4,0,1
127808,23.1,7.6,Engineering,3,0,3
100948,6.7,4.3,Engineering,3,0,2
57006,12.0,5.5,HR,4,0,1
71429,2.9,3.7,Engineering,4,0,1
123483,23.4,4.6,Sales,4,1,3
126397,11.4,4.9,Engineering,3,0,3
75005,12.3,5.8,Sales,3,0,2
162715,21.5,5.2,Engineering,4,0,4
80948,16.6,7.2,Marketing,4,1,1
81466,5.9,4.6,Engineering,4,1,2
60997,7.5,3.8,HR,4,0,1
76573,15.5,4.8,Operations,5,0,2
93402,7.6,3.7,Engineering,3,1,3
60102,0.0,0.8,Engineering,4,0,1
79329,11.6,3.8,Engineering,3,0,2
61004,1.6,3.2,Marketing,4,1,2
136926,23.3,4.6,Engineering,4,0,3
76321,13.2,4.6,HR,3,0,2
50799,5.7,3.4,HR,4,1,1
48238,7.1,4.6,HR,4,1,1
46780,0.0,3.7,Sales,3,1,1
50761,4.3,3.4,Operations,3,0,1
121500,19.1,2.7,Engineering,4,0,3
179284,27.6,8.4,Sales,4,1,3
134887,17.1,4.3,Engineering,3,0,3
62056,11.4,3.8,Operations,3,0,1
66398,9.0,3.2,Sales,4,0,2
44361,5.3,2.5,HR,3,1,1
202877,26.4,7.9,Engineering,5,0,3
53466,10.7,5.9,Operations,4,1,1
170614,26.8,6.3,Sales,3,1,4
128516,21.8,4.9,Sales,4,0,3
42857,0.0,3.6,Operations,3,1,1
51443,7.3,3.6,Sales,4,1,1
52172,7.3,3.2,Sales,2,1,1
60743,11.4,4.4,Sales,3,1,1
78148,11.6,3.3,Engineering,4,1,2
224768,28.0,6.1,Engineering,4,1,4
60048,4.5,3.5,Engineering,3,0,1
86911,13.6,5.1,Engineering,3,0,2
79605,16.3,3.5,HR,4,1,2
72813,12.0,5.1,Sales,3,0,1
62827,12.8,2.7,Sales,3,1,1
60098,4.7,2.4,Sales,4,0,1
57151,12.7,3.3,Sales,3,0,1
91909,15.6,2.8,Marketing,2,1,2
66331,14.3,5.8,Operations,3,0,1
94017,16.0,3.0,Operations,4,1,3
110231,21.9,4.0,Sales,2,1,3
110819,18.6,6.6,Engineering,3,0,3
64828,12.5,3.2,Sales,3,0,2
48410,3.8,2.8,Sales,4,0,1
62350,7.8,2.0,Sales,5,0,1
54865,10.5,5.1,Marketing,3,0,1
69820,13.8,5.5,Sales,4,1,2
73087,8.7,4.8,Engineering,3,0,2
59238,5.4,4.1,Engineering,3,0,1
50718,3.7,3.2,Sales,5,1,1
51716,0.4,2.0,Engineering,3,1,1
93145,10.4,2.6,Engineering,3,0,2
56579,1.7,4.8,Marketing,3,1,1
71229,5.0,4.4,Sales,4,0,1
64958,9.2,2.7,Engineering,2,1,2
46527,2.6,3.1,Sales,3,0,1
82233,14.7,3.8,HR,3,1,2
109975,17.2,2.9,Engineering,3,1,3
72315,8.2,3.9,HR,4,0,2
57202,8.9,3.0,Operations,4,0,1
103621,15.8,3.0,Sales,3,0,2
60061,7.0,1.2,Marketing,5,1,1
82894,6.5,1.1,Engineering,3,0,2
103473,20.4,4.3,Operations,4,0,3
91382,18.2,4.5,Sales,4,1,2
76410,16.2,3.1,Operations,3,1,2
78928,18.5,5.7,Sales,3,1,2
63234,0.0,2.6,Engineering,3,0,1
149858,21.5,5.9,Engineering,4,0,3
63901,14.7,4.0,Marketing,3,1,1
155912,19.1,3.6,Sales,3,1,4
104647,14.7,4.5,Engineering,3,0,3
58537,12.3,2.1,Marketing,3,1,2
64304,10.1,4.6,HR,3,1,1
71258,14.6,2.9,Sales,3,0,2
62131,9.8,5.1,Sales,3,0,1
124334,18.1,4.1,Engineering,4,1,3
47894,0.9,4.4,HR,4,0,1
71704,8.2,1.9,Engineering,5,0,1
132019,26.3,4.5,HR,2,0,3
63543,7.6,4.1,Sales,4,0,1
58607,10.3,5.6,Sales,4,1,1
66790,5.8,5.8,Engineering,4,0,1
78106,14.4,4.3,Engineering,4,0,2
65477,6.8,6.2,HR,3,0,1
64356,10.7,3.4,Sales,4,0,2
91073,17.9,6.3,Sales,3,0,2
44924,7.1,2.1,Operations,4,0,1
77954,17.5,5.2,Operations,2,0,2
78834,17.8,1.1,HR,4,1,2
116663,19.4,3.1,Engineering,3,0,3
77909,13.0,4.8,Sales,3,1,1
155084,28.0,3.7,HR,3,1,4
91076,19.4,5.4,Sales,3,1,2
112136,14.3,5.6,Engineering,4,0,3
58563,5.9,2.6,HR,5,0,1
71044,11.3,2.5,Sales,4,0,1
127816,22.0,4.4,Sales,3,0,4
108806,24.0,3.8,Operations,4,0,3
125677,22.3,5.0,Marketing,4,0,3
113482,17.5,4.7,Sales,3,1,3
45340,3.2,2.6,Sales,3,1,1
81421,15.4,6.9,Sales,3,1,1
51410,3.3,2.0,Engineering,4,0,1
54201,1.6,5.0,HR,3,1,1
77190,13.7,2.6,HR,3,1,2
84640,15.7,4.5,Engineering,4,0,2
119612,18.3,6.4,Engineering,4,0,3
75013,15.5,6.1,HR,4,1,2
116737,15.7,3.8,Engineering,3,0,3
54150,5.1,4.1,Sales,5,1,1
68394,11.3,4.6,Sales,3,0,2
39643,1.5,2.1,Marketing,2,0,1
57462,0.0,3.6,Engineering,3,0,1
77214,17.2,7.4,Marketing,3,1,1
58727,6.7,4.1,Sales,3,0,1
109807,18.1,5.5,Marketing,3,1,3
145325,19.8,5.8,Engineering,3,0,4
58283,7.7,1.3,Sales,3,0,1
121251,16.1,5.1,Sales,4,0,2
87111,7.4,2.0,Engineering,3,0,2
60742,0.0,1.8,Engineering,4,0,2
105682,12.9,7.3,Engineering,3,0,3
56542,8.7,3.3,Engineering,3,0,2
88942,8.9,2.6,Engineering,2,1,2
170483,25.8,7.2,Operations,3,0,4
45127,1.3,1.4,Sales,3,1,1
53034,14.7,3.6,HR,3,1,1
45472,5.0,5.1,Operations,4,0,1
130591,18.4,4.7,Engineering,2,0,3
75529,14.1,1.9,Marketing,4,1,2
70897,14.7,5.1,HR,4,0,1
52306,5.4,2.7,Marketing,3,1,1
65874,6.6,5.7,Sales,3,1,1
116523,18.5,3.8,Sales,4,0,3
163073,24.4,6.9,Engineering,3,1,3
83136,15.4,7.0,Sales,3,1,3
43755,5.7,2.0,Operations,4,0,1
61838,14.4,4.0,Operations,2,0,1
220366,28.0,6.3,Engineering,3,0,4
93354,12.7,2.8,Marketing,3,1,2
161101,22.2,5.5,Engineering,4,1,4
49124,6.8,3.1,Operations,3,0,1
68453,11.7,3.6,Engineering,4,0,2
75934,16.3,4.5,Operations,3,0,1
72546,14.8,4.4,HR,4,0,2
107419,6.6,3.7,Engineering,3,1,2
67864,6.3,2.5,Engineering,3,0,2
109714,18.9,3.9,HR,4,0,2
117807,20.3,4.7,Engineering,3,1,2
92698,22.6,5.1,Sales,3,0,2
124911,24.6,4.7,Operations,4,0,3
88704,12.9,4.6,Sales,3,1,2
57639,9.8,1.0,Sales,3,1,1
110808,21.5,3.9,Sales,3,0,2
129756,17.0,4.1,Engineering,3,1,3
53694,5.1,2.0,Operations,4,0,1
74052,4.8,5.7,Engineering,3,1,2
82372,15.4,4.4,Engineering,3,1,2
83390,10.8,4.1,Engineering,3,1,2
61551,11.8,3.3,Operations,4,0,1
102372,19.5,4.8,Engineering,4,0,3
67663,17.3,2.7,HR,3,1,1
93937,21.3,4.7,Marketing,3,1,2
36530,0.0,1.3,HR,4,0,1
87381,13.8,3.8,Operations,2,0,3
61548,16.9,0.7,HR,4,1,1
56280,1.3,1.2,Operations,2,0,1
82118,7.4,5.7,Engineering,3,0,2
58385,6.1,4.6,HR,3,1,1
80487,12.2,6.0,Sales,5,1,2
105306,23.4,7.3,Sales,5,1,3
136650,26.2,6.5,HR,4,1,3
47620,6.3,2.7,Operations,4,1,1
77670,15.7,2.8,Marketing,2,0,2
79589,15.9,6.1,Sales,4,0,2
85070,14.7,4.4,Sales,3,1,2
85547,14.8,8.0,Sales,3,0,1
93146,14.1,3.7,Sales,4,0,2
162322,23.8,8.2,Sales,3,1,3
158079,19.7,4.6,Engineering,4,0,3
47738,4.6,5.2,Engineering,2,1,1
62646,17.6,7.1,HR,4,0,1
86987,18.2,3.1,Sales,3,1,3
82646,14.2,3.5,Operations,3,0,2
99292,19.9,3.3,Marketing,4,1,3
82231,13.3,2.3,Engineering,3,1,2
90129,13.4,5.2,Engineering,4,0,2
93144,12.8,3.8,Engineering,3,0,2
37151,0.0,2.8,Operations,3,0,1
74976,11.4,4.8,Engineering,3,0,2
55946,7.3,0.7,Sales,3,0,1
58124,3.7,5.0,Operations,3,0,1
113148,22.0,4.5,Operations,4,0,3
105820,15.5,5.2,Engineering,3,0,3
68166,11.8,4.9,Engineering,3,0,2
91155,8.0,5.6,Engineering,4,0,2
101487,14.1,4.1,Engineering,4,0,3
103549,18.9,1.6,Engineering,3,1,3
55473,6.2,3.5,Sales,4,0,2
51062,12.0,4.3,Operations,3,1,1
96052,18.1,3.1,Sales,3,1,3
44083,0.0,2.9,Marketing,3,1,1
73493,11.6,3.4,Engineering,3,1,2
54983,9.0,1.7,HR,4,0,1
59899,11.1,4.9,Marketing,3,1,1
69573,8.5,2.8,HR,3,1,1
60594,13.0,3.5,Operations,3,0,2
150825,25.5,4.8,Engineering,5,1,3
85509,9.7,5.6,Engineering,3,1,2
80445,14.0,4.2,Engineering,2,1,2
137920,26.0,5.6,Sales,3,1,3
59895,8.1,2.9,Operations,4,0,1
134939,24.7,6.1,Sales,4,1,3
72051,12.0,6.0,HR,3,1,1
102506,24.5,6.3,Sales,4,1,3
111016,17.3,5.6,Engineering,4,0,3
111860,14.1,5.1,Engineering,3,0,2
67133,11.5,1.9,Marketing,3,0,1
58680,7.6,2.2,Marketing,4,0,1
91856,12.5,3.7,Sales,4,1,2
81106,18.3,3.6,Engineering,4,0,2
66700,11.9,2.4,Marketing,3,1,1
89029,9.8,1.0,Engineering,3,1,2
52467,10.2,1.8,Operations,5,0,1
206077,18.9,4.4,Engineering,4,0,4
134936,20.6,4.8,Engineering,4,0,3
44172,7.3,2.3,Sales,4,0,1
72711,7.3,3.6,Sales,4,1,2
77429,14.7,3.6,Sales,4,0,2
123167,22.7,6.8,Sales,4,1,2
95487,20.0,4.6,Operations,4,1,2
49106,3.2,4.1,Sales,4,1,1
75041,10.2,4.1,Sales,3,1,1
60490,5.5,1.2,Sales,4,0,1
74432,10.1,3.7,Engineering,3,1,2
120602,23.2,3.3,Sales,3,1,3
59816,2.0,2.8,Engineering,5,0,1
43839,0.7,1.7,Marketing,3,0,1
60287,6.2,4.0,Engineering,4,1,1
74340,14.0,2.2,Operations,3,1,2
77583,16.3,4.5,Sales,4,1,2
60028,15.1,5.2,HR,5,1,2
103331,20.2,6.2,Sales,3,0,2
41123,0.0,1.6,Engineering,3,0,1
78498,20.3,4.9,HR,3,1,2
48117,9.8,4.0,Marketing,3,0,1
69229,17.1,6.9,HR,4,1,2
52557,2.7,0.8,Sales,3,0,1
60133,12.0,2.6,Marketing,4,0,1
77380,13.7,8.4,HR,3,0,2
79070,20.1,4.5,Marketing,2,0,2
48184,0.9,0.0,Engineering,3,0,1
65229,12.2,3.1,Marketing,3,0,1
48327,4.4,0.0,Marketing,4,1,1
88940,15.5,4.7,Operations,3,0,2
104486,17.4,5.8,Sales,3,0,2
113633,21.0,3.6,Sales,4,1,3
42947,8.3,2.9,HR,3,0,1
86873,18.5,6.1,Sales,3,1,2
91745,21.5,2.4,Marketing,5,1,2
42630,0.5,0.8,Sales,3,1,1
85943,16.3,4.1,Engineering,3,0,2
88333,18.7,3.6,Marketing,3,1,2
110154,10.2,3.4,Engineering,4,1,2
63507,3.5,1.2,Engineering,4,1,2
107867,18.6,5.0,Marketing,3,0,3
42832,3.6,2.9,Marketing,3,0,1
81528,10.8,4.7,HR,3,0,2
96179,11.7,4.3,Engineering,4,1,2
132281,17.0,4.8,Engineering,3,0,3
62266,7.6,1.4,Operations,5,0,1
61741,7.2,4.2,Engineering,3,0,1
101134,12.7,3.6,Engineering,3,1,3
154304,19.0,4.5,Engineering,3,0,3
189933,28.0,7.3,Sales,3,1,4
33681,1.4,1.8,HR,3,1,1
81885,14.2,6.3,HR,3,1,2
49030,4.4,5.4,Marketing,3,1,1
171575,19.1,5.9,Engineering,3,0,4
57124,5.4,1.8,Sales,4,0,1
53940,7.3,0.2,Sales,3,0,2
82187,7.9,5.2,Engineering,3,1,2
88723,11.5,4.1,Engineering,3,0,2
114647,14.3,3.1,Engineering,4,0,3
126445,15.4,6.1,Engineering,4,0,3
92875,12.0,2.7,Sales,3,0,2
50623,2.7,2.4,Marketing,3,1,1
100583,17.1,5.3,Engineering,3,1,2
86790,11.6,2.3,Sales,3,1,2
115165,20.1,4.7,HR,4,1,2
62524,7.0,5.1,Marketing,4,1,1
45262,0.8,3.1,HR,3,1,1
71175,11.8,5.8,Sales,3,0,1
80637,21.1,6.7,HR,3,0,1
90239,13.1,4.1,Engineering,3,0,2
111448,10.6,0.3,Sales,4,1,3
55387,5.9,1.7,Engineering,3,0,1
154598,24.3,6.5,Sales,5,0,3
52072,4.8,0.9,Sales,4,0,1
63694,6.9,3.0,Engineering,4,0,2
78660,16.0,4.9,HR,4,0,2
51373,0.0,4.9,Engineering,3,0,1
166926,20.9,4.1,Engineering,4,1,4
116128,16.4,3.5,Engineering,3,1,3
82113,18.3,4.6,Sales,4,1,2
116952,15.9,4.9,Engineering,4,0,2
86752,10.9,3.7,Sales,4,1,2
74557,4.6,4.8,Engineering,4,0,1
59215,11.0,2.7,HR,5,0,1
50879,5.2,3.5,Operations,3,0,1
94790,15.4,5.0,Sales,5,1,2
67487,17.6,4.0,Marketing,3,0,1
80668,22.3,6.4,HR,3,1,1
63603,14.6,4.5,Operations,3,1,1
75710,18.5,5.9,Marketing,3,1,2
57889,9.9,4.1,HR,4,0,1
63996,8.7,4.2,Operations,3,0,2
75086,15.3,3.4,HR,4,0,2
62953,9.3,2.8,Sales,4,1,1
130509,13.9,6.0,Engineering,3,1,3
55003,4.6,4.2,Engineering,3,0,1
52083,5.8,1.8,Sales,3,1,1
81445,16.4,4.7,Sales,3,0,2
95499,18.2,1.1,Sales,5,1,3
60727,5.1,2.4,Sales,4,0,2
107090,16.7,5.9,Sales,3,0,3
57400,8.3,3.4,HR,3,1,1
91395,12.1,4.2,Engineering,3,0,2
112440,21.9,0.5,Engineering,4,0,3
96451,17.7,4.0,HR,3,0,2
77794,17.6,5.1,HR,4,1,1
112123,25.4,6.1,Operations,3,1,3
61506,7.1,4.9,HR,3,1,1
51649,5.1,2.9,HR,4,0,1
73919,6.9,3.2,Engineering,3,1,2
76647,10.2,1.8,Sales,4,0,2
52151,0.0,2.4,Engineering,3,1,1
62467,10.5,1.9,Marketing,2,0,1
53716,8.2,0.8,Operations,4,1,1
113324,17.5,3.0,Engineering,2,0,3
82363,14.5,6.5,Sales,4,0,3
81941,7.8,3.1,Engineering,3,1,2
112945,16.1,4.8,Engineering,5,0,3
154794,17.1,3.8,Engineering,4,1,4
77057,6.6,0.7,Engineering,3,0,2
53732,8.5,5.0,Operations,2,1,1
52143,0.0,0.0,Sales,3,0,1
49000,4.4,2.4,HR,3,1,1
56141,6.8,3.4,Marketing,5,0,1
86762,12.5,4.4,Engineering,3,1,2
73278,5.4,2.2,Engineering,4,1,1
57348,8.4,0.9,HR,3,0,2
65760,3.4,1.9,Engineering,3,0,2
53397,13.2,3.0,Operations,3,0,1
122052,15.0,3.2,Engineering,4,0,3
76813,14.8,5.8,Marketing,4,1,2
65388,12.1,2.2,HR,3,1,2
51506,1.2,3.3,Engineering,4,1,1
78907,7.7,3.8,Engineering,3,0,2
49657,9.1,5.1,Operations,3,0,1
61655,9.2,3.5,Engineering,2,0,2
72216,12.5,5.2,Sales,4,0,1
95834,22.0,4.8,Sales,4,0,3
136830,17.7,5.3,Engineering,4,0,3
57441,5.1,1.0,HR,3,1,1
74183,16.7,0.5,HR,3,1,2
104030,16.5,5.0,Sales,3,1,2
51487,6.4,4.0,HR,4,1,1
150378,17.9,5.3,Engineering,4,0,3
95154,10.9,3.1,Engineering,3,0,3
39684,2.1,5.2,Sales,4,0,1
93424,15.2,3.7,Operations,3,0,3
133713,13.5,4.8,Engineering,3,1,3
90825,10.4,4.7,Engineering,4,0,2
76661,11.7,6.5,Sales,3,0,2
53716,7.0,3.0,HR,4,1,1
107531,16.3,3.5,Engineering,3,1,2
74363,11.7,1.7,Sales,3,1,2
108952,13.2,6.5,Marketing,2,1,2
79452,14.5,4.9,Sales,3,1,2
80563,3.9,3.8,Engineering,4,0,2
86936,5.7,8.0,Engineering,3,0,2
44623,0.0,3.2,Sales,4,0,1
81761,16.0,2.5,Sales,5,0,2
53834,3.5,2.8,HR,4,0,1
75953,12.9,2.6,Marketing,3,1,2
82460,14.6,3.7,Marketing,3,1,2
79832,16.2,3.8,Operations,4,0,3
56427,3.6,2.2,Sales,3,0,1
77611,11.5,1.9,Sales,3,1,2
123109,23.7,7.6,Operations,4,0,3
180017,24.0,5.7,Engineering,4,1,4
101558,18.9,4.4,Marketing,3,1,3
59812,14.4,5.4,HR,3,1,1
71322,5.0,4.0,Engineering,3,0,2
102211,17.0,4.9,Sales,4,1,3
112382,10.9,4.9,Engineering,4,0,2
130734,15.9,4.6,Engineering,5,0,3
52590,7.6,4.5,Sales,3,1,1
110013,10.8,5.0,Engineering,3,0,2
58311,13.1,4.4,HR,4,1,1
76384,13.7,3.9,Operations,3,0,2
75711,15.5,6.7,HR,3,0,1
61212,7.9,2.8,Engineering,3,0,2
55634,2.6,3.6,Engineering,2,0,1
160363,23.4,5.8,Engineering,4,0,4
232259,28.0,4.8,Engineering,3,0,5
81667,15.1,3.1,Operations,4,0,2
50905,2.7,2.5,Sales,4,0,1
61676,6.6,2.7,Engineering,3,0,1
85803,15.6,2.2,HR,3,1,2
122660,21.4,4.0,Sales,2,1,3
58922,3.5,3.5,Engineering,3,0,1
89701,11.1,5.8,Engineering,4,0,2
98647,13.4,5.0,Marketing,3,0,2
81407,18.1,0.8,HR,4,0,2
78023,9.6,4.7,Engineering,2,0,2
35861,1.1,2.0,Operations,3,0,1
80896,16.3,5.1,HR,3,1,3
82905,19.9,4.8,HR,4,1,2
84795,11.4,3.6,Engineering,4,0,2
105537,14.8,4.1,Engineering,4,0,3
56706,8.7,3.6,HR,4,1,1
71989,6.1,5.4,Engineering,3,0,2
81859,19.2,4.7,Marketing,4,0,2
70158,14.7,5.9,HR,3,1,1
138043,15.4,5.8,Engineering,3,0,3
84384,22.5,6.1,HR,4,0,2
58732,4.6,0.5,Operations,3,1,2
45954,8.1,5.3,Marketing,4,1,1
67074,13.1,3.4,Sales,4,1,2
50531,8.0,4.6,HR,4,1,1
102661,17.5,3.1,Sales,3,0,2
64702,10.7,2.1,Marketing,4,0,2
56081,5.1,6.2,HR,4,1,2
74223,12.5,2.6,Marketing,3,1,2
111351,13.2,5.8,Engineering,3,0,3
113980,18.5,4.9,Engineering,4,0,3
118521,14.8,3.7,Engineering,3,0,2
99873,15.2,4.3,Sales,3,0,3
68331,14.2,2.3,Sales,3,1,1
60372,10.7,3.8,Sales,4,1,1
59503,7.0,1.8,Sales,3,0,1
85921,14.0,3.6,HR,3,1,2
70589,9.7,5.1,Operations,2,1,1
157397,23.8,5.6,Engineering,3,0,4
126892,21.4,2.8,Marketing,4,1,3
77146,16.4,5.7,Marketing,4,0,1
95649,14.6,4.3,Sales,4,0,2
84328,11.4,3.1,Engineering,4,0,2
46749,3.2,4.2,HR,4,1,1
65564,10.5,3.6,Operations,4,0,1
69463,12.7,2.3,Marketing,4,1,1
95166,13.6,6.9,Operations,4,1,2
81619,15.3,4.3,Operations,3,0,2
91598,18.4,4.6,Sales,3,1,2
40958,7.2,2.9,Marketing,4,0,1
59168,7.2,5.3,Sales,4,0,2
90598,22.2,4.3,Operations,4,0,2
102680,17.4,2.3,Engineering,4,0,3
66549,9.3,2.7,Sales,5,1,1
61285,11.2,5.9,HR,4,1,2
81825,11.3,5.2,Engineering,4,1,2
56531,12.2,3.6,HR,3,0,1
102239,15.3,6.4,Sales,4,1,2
149943,28.0,6.8,Operations,3,1,4
65139,13.3,3.7,HR,4,0,1
100055,16.6,4.2,Engineering,4,1,2
49187,0.2,3.2,HR,4,0,1
85993,8.6,2.4,Engineering,3,1,2
94512,20.6,4.9,Marketing,4,0,2
66465,14.8,4.8,Marketing,2,0,2
40424,0.0,0.2,HR,4,1,1
98726,16.7,4.2,Engineering,4,0,2
154712,25.4,5.0,Engineering,5,0,3
42958,0.0,4.3,Marketing,4,0,1
139094,22.6,2.4,Sales,5,0,3
47341,0.0,2.1,Sales,4,1,1
109813,18.6,4.0,Engineering,4,1,3
100259,11.9,5.4,Engineering,4,1,3
54145,0.0,2.6,HR,3,1,1
126908,15.1,7.0,Engineering,3,1,3
111950,20.1,5.9,Sales,3,1,2
67643,14.5,3.7,Operations,3,1,2
107348,16.1,4.8,Engineering,4,1,3
52877,9.1,3.2,Marketing,4,1,1
66245,0.0,4.0,Engineering,3,0,2
63934,16.8,2.5,HR,3,1,1
80802,24.2,4.1,Marketing,4,0,1
84822,19.9,5.5,HR,4,1,2
49154,0.0,4.6,Engineering,3,1,1
46277,1.4,0.0,Sales,3,1,1
59819,6.1,5.4,HR,4,1,1
45090,0.8,2.6,Engineering,3,0,1
88351,12.3,1.2,Engineering,4,0,2
103529,14.8,0.0,Engineering,4,1,2
44312,2.0,0.6,Operations,4,0,1
80905,17.4,4.5,Marketing,4,1,2
94269,16.2,4.4,Marketing,4,0,2
50990,8.2,4.5,Marketing,5,1,1
74479,10.8,3.0,Sales,2,1,2
41386,0.0,1.1,Sales,3,0,1
59076,9.7,3.1,Sales,4,0,2
73479,12.1,4.1,Marketing,3,1,2
78267,13.2,4.5,Engineering,4,0,2
62417,14.7,3.1,HR,3,1,1
73189,13.7,5.5,HR,4,0,1
102488,10.1,2.9,Engineering,3,0,2
99084,14.0,2.9,Sales,3,0,3
117571,19.0,3.9,Engineering,3,0,2
64529,11.3,5.5,Operations,4,0,1
72986,14.2,4.0,Operations,3,1,2
46190,10.7,2.8,Operations,4,0,1
95623,7.5,4.9,Engineering,4,1,2
107216,15.7,7.6,Engineering,4,0,3
93520,8.1,3.9,Engineering,3,0,2
122935,14.7,6.1,Engineering,2,0,3
95882,12.2,5.6,Engineering,3,0,3
101056,9.9,2.9,Engineering,5,1,3
74417,9.7,3.8,Operations,4,0,1
92853,8.4,1.7,Engineering,3,0,2
50537,0.5,2.5,Engineering,4,0,1
69221,14.7,3.4,HR,4,1,2
82045,13.6,3.6,Sales,3,1,2
80994,17.9,3.5,HR,4,0,2
65412,8.3,3.2,Marketing,3,0,1
135029,25.3,6.2,HR,3,0,3
47759,9.3,3.5,Marketing,4,0,1
57070,5.9,0.5,Sales,4,0,1
50211,5.0,2.1,Marketing,3,0,1
46464,0.0,0.4,Sales,2,0,1
143182,22.7,5.5,Engineering,4,1,3
141046,21.6,5.8,Sales,2,1,3
158472,16.2,4.8,Engineering,3,0,4
45525,5.7,2.1,HR,4,0,1
174201,24.7,5.7,Engineering,4,1,4
76932,9.5,3.0,Engineering,4,0,2
79552,10.1,2.1,Engineering,4,0,3
113252,22.1,6.2,HR,5,0,3
124351,16.6,5.7,Engineering,3,1,2
112201,27.4,7.1,Marketing,4,1,3
72992,13.7,3.3,HR,3,1,2
83096,9.2,5.5,Engineering,4,0,2
54069,7.7,2.8,HR,3,1,1
48289,0.0,3.7,Engineering,5,0,1
69077,10.0,3.0,Engineering,3,0,2
93345,20.0,4.5,Marketing,4,1,3
76016,16.2,0.8,Operations,4,0,1
92742,12.1,3.6,Engineering,3,0,3
51433,5.0,3.4,Sales,4,1,1
115676,13.6,3.6,Engineering,4,1,2
91344,19.1,7.4,Sales,4,0,2
68465,15.0,2.6,Marketing,3,1,1
86349,13.2,3.3,Marketing,3,1,2
59330,6.4,2.0,Marketing,3,1,1
103332,18.1,3.8,Engineering,2,0,3
42654,0.0,4.3,Marketing,4,1,1
102773,14.7,6.5,Marketing,3,1,3
169563,28.0,4.7,Marketing,3,1,3
49643,1.4,1.8,Engineering,4,0,1
57628,10.3,2.1,Sales,4,1,1
70428,11.9,5.9,Sales,2,1,1
105120,8.8,5.3,Engineering,3,1,3
115281,19.3,4.6,Engineering,4,0,2
75920,15.3,2.3,Sales,4,0,2
58609,13.1,2.2,Marketing,4,1,1
125286,17.6,4.9,Engineering,3,0,3
69701,12.1,4.8,HR,2,1,1
134912,28.0,2.6,Sales,4,0,3
60344,13.1,3.6,HR,3,1,1
62748,13.4,6.6,Sales,2,0,1
59194,0.0,2.4,Sales,3,1,1
60024,8.2,5.8,Marketing,4,0,1
103293,20.0,5.8,Operations,3,1,2
50366,2.7,1.4,Sales,5,1,1
47749,0.0,2.3,Sales,3,1,1
52258,12.2,3.8,Marketing,4,1,1
73490,21.6,3.6,Marketing,3,0,2
100582,12.3,2.6,Engineering,4,0,2
77525,9.6,6.0,Sales,3,0,2
57628,0.0,1.2,Sales,3,0,2
69920,15.2,6.0,Operations,5,1,2
94148,16.6,3.8,Sales,3,1,3
54555,0.0,2.7,Sales,3,0,1
133761,19.9,5.7,Operations,4,1,3
100805,17.4,3.7,Sales,5,0,3
170344,19.9,5.7,Engineering,4,0,4
114153,16.1,1.4,Engineering,3,0,3
118247,16.6,5.2,Engineering,4,0,3
113406,15.6,0.7,Engineering,2,0,2
105304,18.1,4.3,Sales,4,0,3
51425,0.0,4.0,HR,3,0,1
49974,1.5,3.8,Marketing,3,1,1
73826,6.8,1.5,Engineering,3,0,2
73544,11.1,2.1,Sales,4,1,1
114785,14.7,3.3,Engineering,3,0,3
76529,14.3,4.5,Operations,4,1,2
144283,19.8,1.8,Engineering,4,1,3
107356,20.0,4.8,Marketing,4,1,2
85625,5.9,3.8,Engineering,3,1,2
49412,13.7,3.8,Marketing,5,0,2
60314,6.1,4.2,Sales,3,0,1
59334,10.7,4.2,HR,5,1,1
91979,14.3,3.4,Engineering,5,0,2
45943,0.0,0.0,Operations,4,0,1
180189,28.0,5.9,Sales,4,0,4
69726,16.0,3.0,HR,2,1,1
50632,7.8,2.7,HR,3,1,1
152098,25.5,6.2,Operations,4,0,3
92408,9.6,5.9,Engineering,4,1,2
95473,12.9,4.0,Engineering,3,0,2
85028,8.6,4.5,Engineering,3,1,2
189354,23.6,3.1,Engineering,2,0,4
73983,11.3,4.3,Sales,4,0,1
73678,13.0,4.0,Operations,2,0,2
104960,20.4,6.7,Operations,4,1,2
106871,16.1,3.6,Sales,4,0,3
77888,11.6,3.6,Marketing,3,0,1
102204,19.8,6.4,HR,4,1,2
123986,28.0,5.6,Operations,3,0,3
120052,14.2,2.6,Engineering,4,0,2
65857,12.8,7.9,Sales,3,1,2
64600,13.2,2.5,HR,4,1,1
122878,21.2,4.9,Engineering,3,0,3
89175,7.8,4.1,Sales,2,0,2
72029,10.1,4.2,Operations,3,0,2
41470,1.2,2.6,Operations,3,0,1
46841,3.7,2.8,Operations,4,1,1
49159,8.4,3.3,HR,3,1,1
81863,11.6,2.3,Engineering,5,0,2
174828,24.4,8.6,Engineering,4,1,4
66726,15.8,4.1,Sales,4,0,1
70081,5.6,4.2,Sales,4,0,2
59661,6.9,3.0,Sales,4,1,1
85814,21.6,4.5,Marketing,4,0,2
78708,19.9,4.2,Sales,4,1,2
62932,12.2,1.7,Marketing,4,1,1
84400,8.9,3.4,Engineering,2,1,2
139263,19.9,4.2,Engineering,2,0,3
65850,5.0,5.0,Engineering,3,1,1
130970,14.7,2.5,Engineering,3,1,3
174756,27.9,4.8,HR,4,0,4
111366,13.4,2.8,Sales,4,0,2
95137,6.6,5.6,Engineering,4,0,1
61422,14.9,3.0,HR,3,0,2
46646,8.7,4.5,Sales,3,1,1
57475,2.2,4.4,Engineering,3,0,1
125430,16.9,4.3,Engineering,4,1,3
123487,19.8,2.8,Engineering,2,0,3
62126,9.8,1.7,Marketing,4,1,1
80544,9.4,5.0,Engineering,3,0,2
65462,5.3,1.4,Engineering,3,0,2
67464,11.0,4.5,Engineering,4,0,1
70086,8.1,3.8,Sales,4,0,2
66817,4.9,3.8,Engineering,3,1,1
138980,25.2,6.1,HR,3,0,4
90384,15.3,3.0,Engineering,3,0,2
86632,16.0,3.0,Marketing,2,1,2
131747,18.2,5.7,Sales,4,1,4
102232,17.4,3.6,Sales,4,1,2
68129,9.1,0.0,Engineering,4,1,2
55333,13.9,5.2,HR,4,1,1
68944,10.1,2.2,HR,3,0,2
100711,15.1,5.0,Engineering,3,0,2
103746,14.4,6.3,Engineering,3,0,3
66054,9.3,3.7,Operations,3,1,1
66502,2.7,4.5,Sales,3,0,1
83546,13.0,4.3,Engineering,3,0,2
125301,10.6,6.2,Engineering,4,0,3
33178,0.0,1.1,Marketing,3,1,1
78443,15.6,4.4,Marketing,5,1,1
102905,18.8,5.7,Sales,3,1,3
149810,28.0,5.4,Operations,3,0,3
67315,9.3,5.4,Sales,3,0,2
76824,8.2,2.9,Engineering,3,1,2
51087,4.2,6.3,Sales,3,0,1
69796,13.5,7.3,Sales,4,1,1
136296,13.4,4.6,Engineering,3,0,3
75097,6.3,4.2,Engineering,3,0,2
83929,10.8,5.7,Sales,3,1,1
42455,0.0,0.9,Marketing,3,0,1
120693,18.5,2.7,Engineering,3,0,2
47974,6.6,5.3,Sales,3,1,1
60392,11.8,4.4,Marketing,4,1,1
44652,2.0,2.6,Marketing,4,1,1
63896,7.9,3.6,HR,3,1,1
65135,10.0,0.2,HR,3,1,2
47974,11.9,3.7,Marketing,2,1,1
96546,15.4,3.2,Engineering,4,0,3
112137,22.1,6.5,Sales,3,0,3
98872,17.1,6.0,Marketing,4,0,2
117020,18.7,5.6,Engineering,4,0,2
133379,22.1,5.7,Engineering,3,0,3
105469,16.0,2.2,Engineering,3,0,3
72472,11.7,4.9,Sales,3,0,1
101666,19.1,5.7,Sales,4,0,3
138957,19.5,6.7,Engineering,3,0,3
73255,16.5,7.7,HR,3,1,1
43047,1.8,0.4,Operations,4,1,1
65135,6.1,2.8,Engineering,4,0,1
57771,10.1,2.7,Operations,3,0,1
127795,17.5,4.8,Engineering,3,1,3
62280,11.9,4.0,Operations,4,0,2
115871,20.0,4.5,Operations,3,0,3
153689,21.2,6.5,Engineering,4,1,3
76001,20.4,3.2,HR,4,0,1
113283,20.4,3.3,Operations,2,1,3
48620,4.7,1.7,Operations,4,0,1
88517,15.4,3.8,Operations,4,0,2
68722,7.7,1.7,Sales,4,1,2
46501,0.5,2.7,Engineering,4,1,1
73638,10.0,3.5,HR,2,1,2
77296,21.3,3.8,Marketing,4,1,2
85942,15.2,5.7,Marketing,4,1,2
131451,26.1,5.4,Sales,3,0,3
78489,13.2,5.7,Sales,3,1,2
195563,28.0,5.4,Engineering,4,0,4
70854,13.2,4.1,Marketing,4,1,2
110576,12.2,3.2,Engineering,3,0,3
49454,3.0,3.0,Marketing,4,1,1
98265,19.8,5.9,HR,2,1,3
70058,8.5,3.0,Sales,3,0,1
60631,7.5,4.3,Sales,2,0,1
139413,21.0,3.7,Engineering,3,1,3
131201,20.1,6.0,Operations,4,0,3
108068,19.9,4.0,Marketing,5,1,2
67783,9.5,5.0,Sales,4,0,1
99975,11.6,4.0,Engineering,3,0,3
90258,11.6,6.2,Engineering,3,0,3
109952,17.5,2.9,Sales,4,0,3
129036,22.9,3.0,Operations,3,0,3
82249,14.6,3.4,Marketing,3,1,2
97212,25.8,3.4,Engineering,4,0,3
90211,18.3,2.6,HR,3,1,2
103030,10.4,4.8,Sales,3,0,3
80005,17.8,4.6,HR,4,1,2
160669,23.9,4.6,Engineering,4,0,3
165687,26.0,4.9,Marketing,3,1,4
99432,20.3,4.0,Operations,4,0,3
106623,12.2,6.5,Engineering,4,0,2
50812,10.5,2.7,Marketing,5,1,1
77507,16.0,2.4,Operations,3,1,2
169170,23.7,6.4,Engineering,3,1,4
101513,15.0,4.0,Engineering,4,1,3
73604,15.2,7.4,Marketing,3,1,1
122485,12.4,3.3,Engineering,3,0,3
97658,9.7,5.0,Engineering,4,0,2
103139,10.9,5.5,Sales,4,0,3
58717,12.9,3.3,HR,4,1,2
144594,24.0,4.2,Engineering,3,0,4
86676,10.3,4.9,Engineering,3,0,2
60378,12.4,4.9,HR,3,1,1
51417,5.9,1.2,Sales,4,0,1
